group,anonymous_name,original_name,Kingdom,Phylum,Class,Order,Family,Genus
Bacteria,B1,Streptococcus,Bacteria,Firmicutes,Bacilli,Lactobacillales,Streptococcaceae,Streptococcus
Bacteria,B2,Gemella,Bacteria,Firmicutes,Bacilli,Staphylococcales,Gemellaceae,Gemella
Bacteria,B3,Rothia,Bacteria,Actinobacteriota,Actinobacteria,Micrococcales,Micrococcaceae,Rothia
Bacteria,B4,Romboutsia,Bacteria,Firmicutes,Clostridia,Peptostreptococcales-Tissierellales,Peptostreptococcaceae,Romboutsia
Bacteria,B5,Neisseria,Bacteria,Proteobacteria,Gammaproteobacteria,Burkholderiales,Neisseriaceae,Neisseria
Bacteria,B6,Pacificibacter,Bacteria,Proteobacteria,Alphaproteobacteria,Rhodobacterales,Rhodobacteraceae,Pacificibacter
Bacteria,B7,Veillonella,Bacteria,Firmicutes,Negativicutes,Veillonellales-Selenomonadales,Veillonellaceae,Veillonella
Bacteria,B8,Tepidiphilus,Bacteria,Proteobacteria,Gammaproteobacteria,Burkholderiales,Hydrogenophilaceae,Tepidiphilus
Bacteria,B9,Intestinibacter,Bacteria,Firmicutes,Clostridia,Peptostreptococcales-Tissierellales,Peptostreptococcaceae,Intestinibacter
Bacteria,B10,Sphingomonas,Bacteria,Proteobacteria,Alphaproteobacteria,Sphingomonadales,Sphingomonadaceae,Sphingomonas
Bacteria,B11,Terrisporobacter,Bacteria,Firmicutes,Clostridia,Peptostreptococcales-Tissierellales,Peptostreptococcaceae,Terrisporobacter
Bacteria,B12,Pseudarthrobacter,Bacteria,Actinobacteriota,Actinobacteria,Micrococcales,Micrococcaceae,Pseudarthrobacter
Bacteria,B13,Enhydrobacter,Bacteria,Proteobacteria,Gammaproteobacteria,Pseudomonadales,Moraxellaceae,Enhydrobacter
Bacteria,B14,Enterococcus,Bacteria,Firmicutes,Bacilli,Lactobacillales,Enterococcaceae,Enterococcus
Bacteria,B15,Exiguobacterium,Bacteria,Firmicutes,Bacilli,Exiguobacterales,Exiguobacteraceae,Exiguobacterium
Bacteria,B16,Anoxybacillus,Bacteria,Firmicutes,Bacilli,Bacillales,Bacillaceae,Anoxybacillus
Bacteria,B17,Duganella,Bacteria,Proteobacteria,Gammaproteobacteria,Burkholderiales,Oxalobacteraceae,Duganella
Bacteria,B18,Massilia,Bacteria,Proteobacteria,Gammaproteobacteria,Burkholderiales,Oxalobacteraceae,Massilia
Bacteria,B19,Actinomyces,Bacteria,Actinobacteriota,Actinobacteria,Actinomycetales,Actinomycetaceae,Actinomyces
Bacteria,B20,Rhodococcus,Bacteria,Actinobacteriota,Actinobacteria,Corynebacteriales,Nocardiaceae,Rhodococcus
Bacteria,B21,Candidatus_Puniceispirillum,Bacteria,Proteobacteria,Alphaproteobacteria,Puniceispirillales,SAR116_clade,Candidatus_Puniceispirillum
Bacteria,B22,Unclassified_Genus,Bacteria,Firmicutes,Clostridia,Clostridiales,Caloramatoraceae,
Bacteria,B23,Flavobacterium,Bacteria,Bacteroidota,Bacteroidia,Flavobacteriales,Flavobacteriaceae,Flavobacterium
Bacteria,B24,Oleiphilus,Bacteria,Proteobacteria,Gammaproteobacteria,Oceanospirillales,Oleiphilaceae,Oleiphilus
Bacteria,B25,Methylobacterium_Methylorubrum,Bacteria,Proteobacteria,Alphaproteobacteria,Rhizobiales,Beijerinckiaceae,Methylobacterium-Methylorubrum
Bacteria,B26,Pseudomonas,Bacteria,Proteobacteria,Gammaproteobacteria,Pseudomonadales,Pseudomonadaceae,Pseudomonas
Bacteria,B27,Rickettsiella,Bacteria,Proteobacteria,Gammaproteobacteria,Diplorickettsiales,Diplorickettsiaceae,Rickettsiella
Bacteria,B28,Clostridium_sensu_stricto_12,Bacteria,Firmicutes,Clostridia,Clostridiales,Clostridiaceae,Clostridium_sensu_stricto_12
Bacteria,B29,Unclassified_Genus1,Bacteria,Proteobacteria,Alphaproteobacteria,Sphingomonadales,Sphingomonadaceae,
Bacteria,B30,Yoonia_Loktanella,Bacteria,Proteobacteria,Alphaproteobacteria,Rhodobacterales,Rhodobacteraceae,Yoonia-Loktanella
Bacteria,B31,Acidovorax,Bacteria,Proteobacteria,Gammaproteobacteria,Burkholderiales,Comamonadaceae,Acidovorax
Bacteria,B32,Rathayibacter,Bacteria,Actinobacteriota,Actinobacteria,Micrococcales,Microbacteriaceae,Rathayibacter
Bacteria,B33,Pelomonas,Bacteria,Proteobacteria,Gammaproteobacteria,Burkholderiales,Comamonadaceae,Pelomonas
Bacteria,B34,Arenibacter,Bacteria,Bacteroidota,Bacteroidia,Flavobacteriales,Flavobacteriaceae,Arenibacter
Bacteria,B35,Nocardioides,Bacteria,Actinobacteriota,Actinobacteria,Propionibacteriales,Nocardioidaceae,Nocardioides
Bacteria,B36,NS3a_marine_group,Bacteria,Bacteroidota,Bacteroidia,Flavobacteriales,Flavobacteriaceae,NS3a_marine_group
Bacteria,B37,Skermanella,Bacteria,Proteobacteria,Alphaproteobacteria,Azospirillales,Azospirillaceae,Skermanella
Bacteria,B38,Unclassified_Genus2,Bacteria,Patescibacteria,Saccharimonadia,Saccharimonadales,,
Bacteria,B39,Burkholderia_Caballeronia_Paraburkholderia,Bacteria,Proteobacteria,Gammaproteobacteria,Burkholderiales,Burkholderiaceae,Burkholderia-Caballeronia-Paraburkholderia
Bacteria,B40,Pseudohongiella,Bacteria,Proteobacteria,Gammaproteobacteria,Oceanospirillales,Pseudohongiellaceae,Pseudohongiella
Bacteria,B41,Staphylococcus,Bacteria,Firmicutes,Bacilli,Staphylococcales,Staphylococcaceae,Staphylococcus
Bacteria,B42,Aquitalea,Bacteria,Proteobacteria,Gammaproteobacteria,Burkholderiales,Chromobacteriaceae,Aquitalea
Bacteria,B43,Glaciecola,Bacteria,Proteobacteria,Gammaproteobacteria,Alteromonadales,Alteromonadaceae,Glaciecola
Bacteria,B44,Clostridium_sensu_stricto_10,Bacteria,Firmicutes,Clostridia,Clostridiales,Clostridiaceae,Clostridium_sensu_stricto_10
Bacteria,B45,Pseudoalteromonas,Bacteria,Proteobacteria,Gammaproteobacteria,Alteromonadales,Pseudoalteromonadaceae,Pseudoalteromonas
Bacteria,B46,Bradyrhizobium,Bacteria,Proteobacteria,Alphaproteobacteria,Rhizobiales,Xanthobacteraceae,Bradyrhizobium
Bacteria,B47,Limimaricola,Bacteria,Proteobacteria,Alphaproteobacteria,Rhodobacterales,Rhodobacteraceae,Limimaricola
Bacteria,B48,Acinetobacter,Bacteria,Proteobacteria,Gammaproteobacteria,Pseudomonadales,Moraxellaceae,Acinetobacter
Bacteria,B49,Bacteriovorax,Bacteria,Bdellovibrionota,Bdellovibrionia,Bacteriovoracales,Bacteriovoracaceae,Bacteriovorax
Bacteria,B50,Ilumatobacter,Bacteria,Actinobacteriota,Acidimicrobiia,Microtrichales,Ilumatobacteraceae,Ilumatobacter
Bacteria,B51,Sulfitobacter,Bacteria,Proteobacteria,Alphaproteobacteria,Rhodobacterales,Rhodobacteraceae,Sulfitobacter
Bacteria,B52,Gillisia,Bacteria,Bacteroidota,Bacteroidia,Flavobacteriales,Flavobacteriaceae,Gillisia
Bacteria,B53,Paracoccus,Bacteria,Proteobacteria,Alphaproteobacteria,Rhodobacterales,Rhodobacteraceae,Paracoccus
Bacteria,B54,Paenisporosarcina,Bacteria,Firmicutes,Bacilli,Bacillales,Planococcaceae,Paenisporosarcina
Bacteria,B55,Vibrio,Bacteria,Proteobacteria,Gammaproteobacteria,Vibrionales,Vibrionaceae,Vibrio
Bacteria,B56,Marivita,Bacteria,Proteobacteria,Alphaproteobacteria,Rhodobacterales,Rhodobacteraceae,Marivita
Bacteria,B57,Kocuria,Bacteria,Actinobacteriota,Actinobacteria,Micrococcales,Micrococcaceae,Kocuria
Bacteria,B58,Agromyces,Bacteria,Actinobacteriota,Actinobacteria,Micrococcales,Microbacteriaceae,Agromyces
Bacteria,B59,Altererythrobacter,Bacteria,Proteobacteria,Alphaproteobacteria,Sphingomonadales,Sphingomonadaceae,Altererythrobacter
Bacteria,B60,Unclassified_Genus5,Bacteria,Bacteroidota,Ignavibacteria,Ignavibacteriales,,
Bacteria,B61,Sediminicola,Bacteria,Bacteroidota,Bacteroidia,Flavobacteriales,Flavobacteriaceae,Sediminicola
Bacteria,B62,Unclassified_Genus6,Bacteria,Proteobacteria,Alphaproteobacteria,Rhodobacterales,Rhodobacteraceae,
Bacteria,B63,Clostridium_sensu_stricto_13,Bacteria,Firmicutes,Clostridia,Clostridiales,Clostridiaceae,Clostridium_sensu_stricto_13
Bacteria,B64,Janibacter,Bacteria,Actinobacteriota,Actinobacteria,Micrococcales,Intrasporangiaceae,Janibacter
Bacteria,B65,Thermoanaerobacterium,Bacteria,Firmicutes,Thermoanaerobacteria,Thermoanaerobacterales,Family_III,Thermoanaerobacterium
Bacteria,B66,Pseudonocardia,Bacteria,Actinobacteriota,Actinobacteria,Pseudonocardiales,Pseudonocardiaceae,Pseudonocardia
Bacteria,B67,Zhongshania,Bacteria,Proteobacteria,Gammaproteobacteria,Cellvibrionales,Spongiibacteraceae,Zhongshania
Bacteria,B68,Lewinella,Bacteria,Bacteroidota,Bacteroidia,Chitinophagales,Saprospiraceae,Lewinella
Bacteria,B69,Oleibacter,Bacteria,Proteobacteria,Gammaproteobacteria,Oceanospirillales,Saccharospirillaceae,Oleibacter
Bacteria,B70,Marinomonas,Bacteria,Proteobacteria,Gammaproteobacteria,Oceanospirillales,Marinomonadaceae,Marinomonas
Bacteria,B71,Brevundimonas,Bacteria,Proteobacteria,Alphaproteobacteria,Caulobacterales,Caulobacteraceae,Brevundimonas
Bacteria,B72,Lawsonella,Bacteria,Actinobacteriota,Actinobacteria,Corynebacteriales,Corynebacteriaceae,Lawsonella
Bacteria,B73,Planococcus,Bacteria,Firmicutes,Bacilli,Bacillales,Planococcaceae,Planococcus
Bacteria,B74,Algoriphagus,Bacteria,Bacteroidota,Bacteroidia,Cytophagales,Cyclobacteriaceae,Algoriphagus
Bacteria,B75,JGI_0001001_H03,Bacteria,Acidobacteriota,Blastocatellia,Blastocatellales,Blastocatellaceae,JGI_0001001-H03
Bacteria,B76,Marmoricola,Bacteria,Actinobacteriota,Actinobacteria,Propionibacteriales,Nocardioidaceae,Marmoricola
Bacteria,B77,GKS98_freshwater_group,Bacteria,Proteobacteria,Gammaproteobacteria,Burkholderiales,Alcaligenaceae,GKS98_freshwater_group
Bacteria,B78,Filomicrobium,Bacteria,Proteobacteria,Alphaproteobacteria,Rhizobiales,Hyphomicrobiaceae,Filomicrobium
Bacteria,B79,Aureimonas,Bacteria,Proteobacteria,Alphaproteobacteria,Rhizobiales,Rhizobiaceae,Aureimonas
Bacteria,B80,Caulobacter,Bacteria,Proteobacteria,Alphaproteobacteria,Caulobacterales,Caulobacteraceae,Caulobacter
Bacteria,B81,Unclassified_Genus7,Bacteria,Firmicutes,Negativicutes,Veillonellales-Selenomonadales,,
Bacteria,B82,OM43_clade,Bacteria,Proteobacteria,Gammaproteobacteria,Burkholderiales,Methylophilaceae,OM43_clade
Bacteria,B83,Unclassified_Genus8,Bacteria,Proteobacteria,Gammaproteobacteria,Burkholderiales,Comamonadaceae,
Bacteria,B84,Tateyamaria,Bacteria,Proteobacteria,Alphaproteobacteria,Rhodobacterales,Rhodobacteraceae,Tateyamaria
Bacteria,B85,Paenarthrobacter,Bacteria,Actinobacteriota,Actinobacteria,Micrococcales,Micrococcaceae,Paenarthrobacter
Bacteria,B86,Rummeliibacillus,Bacteria,Firmicutes,Bacilli,Bacillales,Planococcaceae,Rummeliibacillus
Bacteria,B87,Pontibacter,Bacteria,Bacteroidota,Bacteroidia,Cytophagales,Hymenobacteraceae,Pontibacter
Bacteria,B88,Aeromonas,Bacteria,Proteobacteria,Gammaproteobacteria,Aeromonadales,Aeromonadaceae,Aeromonas
Bacteria,B89,Giesbergeria,Bacteria,Proteobacteria,Gammaproteobacteria,Burkholderiales,Comamonadaceae,Giesbergeria
Bacteria,B90,Microvirga,Bacteria,Proteobacteria,Alphaproteobacteria,Rhizobiales,Beijerinckiaceae,Microvirga
Bacteria,B91,Lutimonas,Bacteria,Bacteroidota,Bacteroidia,Flavobacteriales,Flavobacteriaceae,Lutimonas
Bacteria,B92,Chryseobacterium,Bacteria,Bacteroidota,Bacteroidia,Flavobacteriales,Weeksellaceae,Chryseobacterium
Bacteria,B93,Zeaxanthinibacter,Bacteria,Bacteroidota,Bacteroidia,Flavobacteriales,Flavobacteriaceae,Zeaxanthinibacter
Bacteria,B94,Mucilaginibacter,Bacteria,Bacteroidota,Bacteroidia,Sphingobacteriales,Sphingobacteriaceae,Mucilaginibacter
Bacteria,B95,Unclassified_Genus9,Bacteria,Chloroflexi,Chloroflexia,Thermomicrobiales,JG30-KF-CM45,
Bacteria,B96,Alkalimarinus,Bacteria,Proteobacteria,Gammaproteobacteria,Gammaproteobacteria_Incertae_Sedis,Unknown_Family,Alkalimarinus
Bacteria,B97,Psychrobacillus,Bacteria,Firmicutes,Bacilli,Bacillales,Planococcaceae,Psychrobacillus
Bacteria,B98,Aquabacterium,Bacteria,Proteobacteria,Gammaproteobacteria,Burkholderiales,Comamonadaceae,Aquabacterium
Bacteria,B99,Pontivivens,Bacteria,Proteobacteria,Alphaproteobacteria,Rhodobacterales,Rhodobacteraceae,Pontivivens
Bacteria,B100,Thermomonas,Bacteria,Proteobacteria,Gammaproteobacteria,Xanthomonadales,Xanthomonadaceae,Thermomonas
Bacteria,B101,Unclassified_Genus10,Bacteria,Acidobacteriota,Blastocatellia,Blastocatellales,Blastocatellaceae,
Bacteria,B102,TM7a,Bacteria,Patescibacteria,Saccharimonadia,Saccharimonadales,Saccharimonadaceae,TM7a
Bacteria,B103,Delftia,Bacteria,Proteobacteria,Gammaproteobacteria,Burkholderiales,Comamonadaceae,Delftia
Bacteria,B104,Olleya,Bacteria,Bacteroidota,Bacteroidia,Flavobacteriales,Flavobacteriaceae,Olleya
Bacteria,B105,Clostridium_sensu_stricto_1,Bacteria,Firmicutes,Clostridia,Clostridiales,Clostridiaceae,Clostridium_sensu_stricto_1
Bacteria,B106,Unclassified_Genus11,Bacteria,Chloroflexi,Gitt-GS-136,,,
Bacteria,B107,Glutamicibacter,Bacteria,Actinobacteriota,Actinobacteria,Micrococcales,Micrococcaceae,Glutamicibacter
Bacteria,B108,Oligoflexus,Bacteria,Bdellovibrionota,Oligoflexia,Oligoflexales,Oligoflexales_fa,Oligoflexus
Bacteria,B109,Unclassified_Genus12,Bacteria,Actinobacteriota,Acidimicrobiia,Microtrichales,,
Bacteria,B110,Alteromonas,Bacteria,Proteobacteria,Gammaproteobacteria,Alteromonadales,Alteromonadaceae,Alteromonas
Bacteria,B111,Peredibacter,Bacteria,Bdellovibrionota,Bdellovibrionia,Bacteriovoracales,Bacteriovoracaceae,Peredibacter
Bacteria,B112,Erythrobacter,Bacteria,Proteobacteria,Alphaproteobacteria,Sphingomonadales,Sphingomonadaceae,Erythrobacter
Bacteria,B113,Hydrogenophaga,Bacteria,Proteobacteria,Gammaproteobacteria,Burkholderiales,Comamonadaceae,Hydrogenophaga
Bacteria,B114,Unclassified_Genus13,Bacteria,Proteobacteria,Alphaproteobacteria,Rhizobiales,Rhizobiales_Incertae_Sedis,
Bacteria,B115,Bacillus,Bacteria,Firmicutes,Bacilli,Bacillales,Bacillaceae,Bacillus
Bacteria,B116,Sporosarcina,Bacteria,Firmicutes,Bacilli,Bacillales,Planococcaceae,Sporosarcina
Bacteria,B117,Sphingopyxis,Bacteria,Proteobacteria,Alphaproteobacteria,Sphingomonadales,Sphingomonadaceae,Sphingopyxis
Bacteria,B118,Haemophilus,Bacteria,Proteobacteria,Gammaproteobacteria,Pasteurellales,Pasteurellaceae,Haemophilus
Bacteria,B119,Devosia,Bacteria,Proteobacteria,Alphaproteobacteria,Rhizobiales,Devosiaceae,Devosia
Bacteria,B120,Mesorhizobium,Bacteria,Proteobacteria,Alphaproteobacteria,Rhizobiales,Rhizobiaceae,Mesorhizobium
Bacteria,B121,Ahrensia,Bacteria,Proteobacteria,Alphaproteobacteria,Rhizobiales,Rhizobiaceae,Ahrensia
Bacteria,B122,Tropicimonas,Bacteria,Proteobacteria,Alphaproteobacteria,Rhodobacterales,Rhodobacteraceae,Tropicimonas
Bacteria,B123,Unclassified_Genus14,Bacteria,Proteobacteria,Alphaproteobacteria,Puniceispirillales,SAR116_clade,
Bacteria,B124,Amylibacter,Bacteria,Proteobacteria,Alphaproteobacteria,Rhodobacterales,Rhodobacteraceae,Amylibacter
Bacteria,B125,Ascidiaceihabitans,Bacteria,Proteobacteria,Alphaproteobacteria,Rhodobacterales,Rhodobacteraceae,Ascidiaceihabitans
Bacteria,B126,Unclassified_Genus15,Bacteria,Proteobacteria,Alphaproteobacteria,Rhizobiales,Methyloligellaceae,
Bacteria,B127,Phaeobacter,Bacteria,Proteobacteria,Alphaproteobacteria,Rhodobacterales,Rhodobacteraceae,Phaeobacter
Bacteria,B128,Alsobacter,Bacteria,Proteobacteria,Alphaproteobacteria,Rhizobiales,Rhizobiales_Incertae_Sedis,Alsobacter
Bacteria,B129,Solibacillus,Bacteria,Firmicutes,Bacilli,Bacillales,Planococcaceae,Solibacillus
Bacteria,B130,Terrabacter,Bacteria,Actinobacteriota,Actinobacteria,Micrococcales,Intrasporangiaceae,Terrabacter
Bacteria,B131,Limnobacter,Bacteria,Proteobacteria,Gammaproteobacteria,Burkholderiales,Burkholderiaceae,Limnobacter
Bacteria,B132,Rhodobacter,Bacteria,Proteobacteria,Alphaproteobacteria,Rhodobacterales,Rhodobacteraceae,Rhodobacter
Bacteria,B133,Robiginitalea,Bacteria,Bacteroidota,Bacteroidia,Flavobacteriales,Flavobacteriaceae,Robiginitalea
Bacteria,B134,Actinomycetospora,Bacteria,Actinobacteriota,Actinobacteria,Pseudonocardiales,Pseudonocardiaceae,Actinomycetospora
Bacteria,B135,Tabrizicola,Bacteria,Proteobacteria,Alphaproteobacteria,Rhodobacterales,Rhodobacteraceae,Tabrizicola
Bacteria,B136,Unclassified_Genus16,Bacteria,Proteobacteria,Gammaproteobacteria,Burkholderiales,Neisseriaceae,
Bacteria,B137,Unclassified_Genus17,Bacteria,Proteobacteria,Gammaproteobacteria,Cellvibrionales,,
Bacteria,B138,Halioglobus,Bacteria,Proteobacteria,Gammaproteobacteria,Cellvibrionales,Halieaceae,Halioglobus
Bacteria,B139,Unclassified_Genus18,Bacteria,Firmicutes,Bacilli,Bacillales,Planococcaceae,
Bacteria,B140,Hymenobacter,Bacteria,Bacteroidota,Bacteroidia,Cytophagales,Hymenobacteraceae,Hymenobacter
Bacteria,B141,Tamlana,Bacteria,Bacteroidota,Bacteroidia,Flavobacteriales,Flavobacteriaceae,Tamlana
Bacteria,B142,Unclassified_Genus19,Bacteria,Proteobacteria,Gammaproteobacteria,Alteromonadales,Alteromonadaceae,
Bacteria,B143,Unclassified_Genus20,Bacteria,Proteobacteria,Gammaproteobacteria,Nitrosococcales,Methylophagaceae,
Bacteria,B144,Seohaeicola,Bacteria,Proteobacteria,Alphaproteobacteria,Rhodobacterales,Rhodobacteraceae,Seohaeicola
Bacteria,B145,Flavihumibacter,Bacteria,Bacteroidota,Bacteroidia,Chitinophagales,Chitinophagaceae,Flavihumibacter
Bacteria,B146,Gramella,Bacteria,Bacteroidota,Bacteroidia,Flavobacteriales,Flavobacteriaceae,Gramella
Bacteria,B147,Novosphingobium,Bacteria,Proteobacteria,Alphaproteobacteria,Sphingomonadales,Sphingomonadaceae,Novosphingobium
Bacteria,B148,Pedobacter,Bacteria,Bacteroidota,Bacteroidia,Sphingobacteriales,Sphingobacteriaceae,Pedobacter
Bacteria,B149,Owenweeksia,Bacteria,Bacteroidota,Bacteroidia,Flavobacteriales,Cryomorphaceae,Owenweeksia
Bacteria,B150,Pseudophaeobacter,Bacteria,Proteobacteria,Alphaproteobacteria,Rhodobacterales,Rhodobacteraceae,Pseudophaeobacter
Bacteria,B151,Winogradskyella,Bacteria,Bacteroidota,Bacteroidia,Flavobacteriales,Flavobacteriaceae,Winogradskyella
Bacteria,B152,Rhizorhapis,Bacteria,Proteobacteria,Alphaproteobacteria,Sphingomonadales,Sphingomonadaceae,Rhizorhapis
Bacteria,B153,Woeseia,Bacteria,Proteobacteria,Gammaproteobacteria,Steroidobacterales,Woeseiaceae,Woeseia
Bacteria,B154,Unclassified_Genus21,Bacteria,Proteobacteria,Alphaproteobacteria,Micavibrionales,,
Bacteria,B155,Thermoactinomyces,Bacteria,Firmicutes,Bacilli,Thermoactinomycetales,Thermoactinomycetaceae,Thermoactinomyces
Bacteria,B156,Pseudorhodobacter,Bacteria,Proteobacteria,Alphaproteobacteria,Rhodobacterales,Rhodobacteraceae,Pseudorhodobacter
Bacteria,B157,Unclassified_Genus22,Bacteria,Chloroflexi,KD4-96,,,
Bacteria,B158,Psychrobacter,Bacteria,Proteobacteria,Gammaproteobacteria,Pseudomonadales,Moraxellaceae,Psychrobacter
Bacteria,B159,Comamonas,Bacteria,Proteobacteria,Gammaproteobacteria,Burkholderiales,Comamonadaceae,Comamonas
Bacteria,B160,Unclassified_Genus23,Bacteria,Proteobacteria,Alphaproteobacteria,Rhizobiales,Stappiaceae,
Bacteria,B161,Eudoraea,Bacteria,Bacteroidota,Bacteroidia,Flavobacteriales,Flavobacteriaceae,Eudoraea
Bacteria,B162,Paraglaciecola,Bacteria,Proteobacteria,Gammaproteobacteria,Alteromonadales,Alteromonadaceae,Paraglaciecola
Bacteria,B163,OM27_clade,Bacteria,Bdellovibrionota,Bdellovibrionia,Bdellovibrionales,Bdellovibrionaceae,OM27_clade
Bacteria,B164,Deinococcus,Bacteria,Deinococcota,Deinococci,Deinococcales,Deinococcaceae,Deinococcus
Bacteria,B165,Stenotrophomonas,Bacteria,Proteobacteria,Gammaproteobacteria,Xanthomonadales,Xanthomonadaceae,Stenotrophomonas
Bacteria,B166,Unclassified_Genus24,Bacteria,Proteobacteria,Gammaproteobacteria,Cellvibrionales,Spongiibacteraceae,
Bacteria,B167,Polynucleobacter,Bacteria,Proteobacteria,Gammaproteobacteria,Burkholderiales,Burkholderiaceae,Polynucleobacter
Bacteria,B168,Roseomonas,Bacteria,Proteobacteria,Alphaproteobacteria,Acetobacterales,Acetobacteraceae,Roseomonas
Bacteria,B169,Youngiibacter,Bacteria,Firmicutes,Clostridia,Clostridiales,Clostridiaceae,Youngiibacter
Bacteria,B170,Ferruginibacter,Bacteria,Bacteroidota,Bacteroidia,Chitinophagales,Chitinophagaceae,Ferruginibacter
Bacteria,B171,Iamia,Bacteria,Actinobacteriota,Acidimicrobiia,Microtrichales,Iamiaceae,Iamia
Bacteria,B172,Allorhizobium_Neorhizobium_Pararhizobium_Rhizobium,Bacteria,Proteobacteria,Alphaproteobacteria,Rhizobiales,Rhizobiaceae,Allorhizobium-Neorhizobium-Pararhizobium-Rhizobium
Bacteria,B173,Unclassified_Genus25,Bacteria,Actinobacteriota,Thermoleophilia,Gaiellales,,
Bacteria,B174,Unclassified_Genus26,Bacteria,Proteobacteria,Gammaproteobacteria,Pseudomonadales,Moraxellaceae,
Bacteria,B175,Unclassified_Genus27,Bacteria,Actinobacteriota,Actinobacteria,Micrococcales,Intrasporangiaceae,
Bacteria,B176,Unclassified_Genus28,Bacteria,Firmicutes,Bacilli,Bacillales,Bacillaceae,
Bacteria,B177,Ensifer,Bacteria,Proteobacteria,Alphaproteobacteria,Rhizobiales,Rhizobiaceae,Ensifer
Bacteria,B178,Litoricola,Bacteria,Proteobacteria,Gammaproteobacteria,Oceanospirillales,Litoricolaceae,Litoricola
Bacteria,B179,Colwellia,Bacteria,Proteobacteria,Gammaproteobacteria,Alteromonadales,Colwelliaceae,Colwellia
Bacteria,B180,Muriicola,Bacteria,Bacteroidota,Bacteroidia,Flavobacteriales,Flavobacteriaceae,Muriicola
Bacteria,B181,Fusibacter,Bacteria,Firmicutes,Clostridia,Peptostreptococcales-Tissierellales,Fusibacteraceae,Fusibacter
Bacteria,B182,Persicitalea,Bacteria,Bacteroidota,Bacteroidia,Cytophagales,Spirosomaceae,Persicitalea
Bacteria,B183,Janthinobacterium,Bacteria,Proteobacteria,Gammaproteobacteria,Burkholderiales,Oxalobacteraceae,Janthinobacterium
Bacteria,B184,Unclassified_Genus29,Bacteria,Proteobacteria,Gammaproteobacteria,Vibrionales,Vibrionaceae,
Bacteria,B185,Mycobacterium,Bacteria,Actinobacteriota,Actinobacteria,Corynebacteriales,Mycobacteriaceae,Mycobacterium
Bacteria,B186,Truepera,Bacteria,Deinococcota,Deinococci,Deinococcales,Trueperaceae,Truepera
Bacteria,B187,Paeniclostridium,Bacteria,Firmicutes,Clostridia,Peptostreptococcales-Tissierellales,Peptostreptococcaceae,Paeniclostridium
Bacteria,B188,Qipengyuania,Bacteria,Proteobacteria,Alphaproteobacteria,Sphingomonadales,Sphingomonadaceae,Qipengyuania
Bacteria,B189,Candidatus_Symbiobacter,Bacteria,Proteobacteria,Gammaproteobacteria,Burkholderiales,Comamonadaceae,Candidatus_Symbiobacter
Bacteria,B190,Methylocystis,Bacteria,Proteobacteria,Alphaproteobacteria,Rhizobiales,Beijerinckiaceae,Methylocystis
Bacteria,B191,Sporacetigenium,Bacteria,Firmicutes,Clostridia,Peptostreptococcales-Tissierellales,Peptostreptococcaceae,Sporacetigenium
Bacteria,B192,Roseobacter,Bacteria,Proteobacteria,Alphaproteobacteria,Rhodobacterales,Rhodobacteraceae,Roseobacter
Bacteria,B193,Unclassified_Genus30,Bacteria,Proteobacteria,Gammaproteobacteria,Salinisphaerales,Solimonadaceae,
Bacteria,B194,Oleispira,Bacteria,Proteobacteria,Gammaproteobacteria,Oceanospirillales,Saccharospirillaceae,Oleispira
Bacteria,B195,Marinoscillum,Bacteria,Bacteroidota,Bacteroidia,Cytophagales,Cyclobacteriaceae,Marinoscillum
Bacteria,B196,Rhizobacter,Bacteria,Proteobacteria,Gammaproteobacteria,Burkholderiales,Comamonadaceae,Rhizobacter
Bacteria,B197,Leisingera,Bacteria,Proteobacteria,Alphaproteobacteria,Rhodobacterales,Rhodobacteraceae,Leisingera
Bacteria,B198,Porphyrobacter,Bacteria,Proteobacteria,Alphaproteobacteria,Sphingomonadales,Sphingomonadaceae,Porphyrobacter
Bacteria,B199,Methylophaga,Bacteria,Proteobacteria,Gammaproteobacteria,Nitrosococcales,Methylophagaceae,Methylophaga
Bacteria,B200,Blastococcus,Bacteria,Actinobacteriota,Actinobacteria,Frankiales,Geodermatophilaceae,Blastococcus
Bacteria,B201,Unclassified_Genus31,Bacteria,Actinobacteriota,Actinobacteria,Nitriliruptorales,Nitriliruptoraceae,
Bacteria,B202,Paucibacter,Bacteria,Proteobacteria,Gammaproteobacteria,Burkholderiales,Comamonadaceae,Paucibacter
Bacteria,B203,Trichococcus,Bacteria,Firmicutes,Bacilli,Lactobacillales,Carnobacteriaceae,Trichococcus
Bacteria,B204,alphaI_cluster,Bacteria,Proteobacteria,Alphaproteobacteria,Rhizobiales,Beijerinckiaceae,alphaI_cluster
Bacteria,B205,Corynebacterium,Bacteria,Actinobacteriota,Actinobacteria,Corynebacteriales,Corynebacteriaceae,Corynebacterium
Bacteria,B206,Unclassified_Genus32,Bacteria,Proteobacteria,Alphaproteobacteria,Micavibrionales,Micavibrionaceae,
Bacteria,B207,Confluentimicrobium,Bacteria,Proteobacteria,Alphaproteobacteria,Rhodobacterales,Rhodobacteraceae,Confluentimicrobium
Bacteria,B208,Celeribacter,Bacteria,Proteobacteria,Alphaproteobacteria,Rhodobacterales,Rhodobacteraceae,Celeribacter
Bacteria,B209,Pseudahrensia,Bacteria,Proteobacteria,Alphaproteobacteria,Rhizobiales,Rhizobiaceae,Pseudahrensia
Bacteria,B210,Unclassified_Genus33,Bacteria,Desulfobacterota,Desulfobulbia,Desulfobulbales,Desulfobulbaceae,
Bacteria,B211,Unclassified_Genus34,Bacteria,Actinobacteriota,Actinobacteria,Frankiales,,
Bacteria,B212,Thalassobius,Bacteria,Proteobacteria,Alphaproteobacteria,Rhodobacterales,Rhodobacteraceae,Thalassobius
Bacteria,B213,Longivirga,Bacteria,Actinobacteriota,Actinobacteria,Frankiales,Sporichthyaceae,Longivirga
Bacteria,B214,Unclassified_Genus35,Bacteria,Actinobacteriota,Thermoleophilia,Solirubrobacterales,67-14,
Bacteria,B215,Unclassified_Genus36,Bacteria,Patescibacteria,Saccharimonadia,Saccharimonadales,LWQ8,
Bacteria,B216,Sphingorhabdus,Bacteria,Proteobacteria,Alphaproteobacteria,Sphingomonadales,Sphingomonadaceae,Sphingorhabdus
Bacteria,B217,Unclassified_Genus37,Bacteria,Verrucomicrobiota,Verrucomicrobiae,Verrucomicrobiales,Verrucomicrobiaceae,
Bacteria,B218,Unclassified_Genus38,Bacteria,Acidobacteriota,Vicinamibacteria,Vicinamibacterales,,
Bacteria,B219,Subsaxibacter,Bacteria,Bacteroidota,Bacteroidia,Flavobacteriales,Flavobacteriaceae,Subsaxibacter
Bacteria,B220,Roseiarcus,Bacteria,Proteobacteria,Alphaproteobacteria,Rhizobiales,Beijerinckiaceae,Roseiarcus
Bacteria,B221,Panacagrimonas,Bacteria,Proteobacteria,Gammaproteobacteria,Salinisphaerales,Solimonadaceae,Panacagrimonas
Bacteria,B222,Alkanindiges,Bacteria,Proteobacteria,Gammaproteobacteria,Pseudomonadales,Moraxellaceae,Alkanindiges
Bacteria,B223,Phycicoccus,Bacteria,Actinobacteriota,Actinobacteria,Micrococcales,Intrasporangiaceae,Phycicoccus
Bacteria,B224,Amaricoccus,Bacteria,Proteobacteria,Alphaproteobacteria,Rhodobacterales,Rhodobacteraceae,Amaricoccus
Bacteria,B225,Arthrobacter,Bacteria,Actinobacteriota,Actinobacteria,Micrococcales,Micrococcaceae,Arthrobacter
Bacteria,B226,Hoeflea,Bacteria,Proteobacteria,Alphaproteobacteria,Rhizobiales,Rhizobiaceae,Hoeflea
Bacteria,B227,Galbitalea,Bacteria,Actinobacteriota,Actinobacteria,Micrococcales,Microbacteriaceae,Galbitalea
Bacteria,B228,Bosea,Bacteria,Proteobacteria,Alphaproteobacteria,Rhizobiales,Beijerinckiaceae,Bosea
Bacteria,B229,Dokdonia,Bacteria,Bacteroidota,Bacteroidia,Flavobacteriales,Flavobacteriaceae,Dokdonia
Bacteria,B230,Micromonospora,Bacteria,Actinobacteriota,Actinobacteria,Micromonosporales,Micromonosporaceae,Micromonospora
Bacteria,B231,Terrimonas,Bacteria,Bacteroidota,Bacteroidia,Chitinophagales,Chitinophagaceae,Terrimonas
Bacteria,B232,Arenimonas,Bacteria,Proteobacteria,Gammaproteobacteria,Xanthomonadales,Xanthomonadaceae,Arenimonas
Bacteria,B233,Unclassified_Genus39,Bacteria,Gemmatimonadota,Gemmatimonadetes,Gemmatimonadales,Gemmatimonadaceae,
Bacteria,B234,Lachnoclostridium,Bacteria,Firmicutes,Clostridia,Lachnospirales,Lachnospiraceae,Lachnoclostridium
Bacteria,B235,Fictibacillus,Bacteria,Firmicutes,Bacilli,Bacillales,Bacillaceae,Fictibacillus
Bacteria,B236,Paenibacillus,Bacteria,Firmicutes,Bacilli,Paenibacillales,Paenibacillaceae,Paenibacillus
Bacteria,B237,Acidothermus,Bacteria,Actinobacteriota,Actinobacteria,Frankiales,Acidothermaceae,Acidothermus
Bacteria,B238,Hyphomicrobium,Bacteria,Proteobacteria,Alphaproteobacteria,Rhizobiales,Hyphomicrobiaceae,Hyphomicrobium
Bacteria,B239,Shinella,Bacteria,Proteobacteria,Alphaproteobacteria,Rhizobiales,Rhizobiaceae,Shinella
Bacteria,B240,Unclassified_Genus40,Bacteria,Actinobacteriota,Actinobacteria,PeM15,,
Bacteria,B241,Sphingomicrobium,Bacteria,Proteobacteria,Alphaproteobacteria,Sphingomonadales,Sphingomonadaceae,Sphingomicrobium
Bacteria,B242,Unclassified_Genus41,Bacteria,Actinobacteriota,Actinobacteria,Micrococcales,Micrococcaceae,
Bacteria,B243,Rhabdobacter,Bacteria,Bacteroidota,Bacteroidia,Cytophagales,Spirosomaceae,Rhabdobacter
Bacteria,B244,Cryobacterium,Bacteria,Actinobacteriota,Actinobacteria,Micrococcales,Microbacteriaceae,Cryobacterium
Bacteria,B245,Octadecabacter,Bacteria,Proteobacteria,Alphaproteobacteria,Rhodobacterales,Rhodobacteraceae,Octadecabacter
Bacteria,B246,OM60(NOR5)_clade,Bacteria,Proteobacteria,Gammaproteobacteria,Cellvibrionales,Halieaceae,OM60(NOR5)_clade
Bacteria,B247,Fluviicola,Bacteria,Bacteroidota,Bacteroidia,Flavobacteriales,Crocinitomicaceae,Fluviicola
Bacteria,B248,Ornithinimicrobium,Bacteria,Actinobacteriota,Actinobacteria,Micrococcales,Intrasporangiaceae,Ornithinimicrobium
Bacteria,B249,Domibacillus,Bacteria,Firmicutes,Bacilli,Bacillales,Planococcaceae,Domibacillus
Bacteria,B250,Pseudolabrys,Bacteria,Proteobacteria,Alphaproteobacteria,Rhizobiales,Xanthobacteraceae,Pseudolabrys
Bacteria,B251,Sedimentitalea,Bacteria,Proteobacteria,Alphaproteobacteria,Rhodobacterales,Rhodobacteraceae,Sedimentitalea
Bacteria,B252,Gaetbulibacter,Bacteria,Bacteroidota,Bacteroidia,Flavobacteriales,Flavobacteriaceae,Gaetbulibacter
Bacteria,B253,Unclassified_Genus42,Bacteria,Proteobacteria,Gammaproteobacteria,pItb-vmat-80,,
Bacteria,B254,Euzebya,Bacteria,Actinobacteriota,Actinobacteria,Euzebyales,Euzebyaceae,Euzebya
Bacteria,B255,Methylibium,Bacteria,Proteobacteria,Gammaproteobacteria,Burkholderiales,Comamonadaceae,Methylibium
Bacteria,B256,Unclassified_Genus43,Bacteria,Proteobacteria,Gammaproteobacteria,Oceanospirillales,Saccharospirillaceae,
Bacteria,B257,Gaiella,Bacteria,Actinobacteriota,Thermoleophilia,Gaiellales,Gaiellaceae,Gaiella
Bacteria,B258,Ammoniphilus,Bacteria,Firmicutes,Bacilli,Paenibacillales,Paenibacillaceae,Ammoniphilus
Bacteria,B259,Aurantimonas,Bacteria,Proteobacteria,Alphaproteobacteria,Rhizobiales,Rhizobiaceae,Aurantimonas
Bacteria,B260,Unclassified_Genus44,Bacteria,Proteobacteria,Gammaproteobacteria,B2M28,,
Bacteria,B261,Unclassified_Genus45,Bacteria,Chloroflexi,Anaerolineae,Caldilineales,Caldilineaceae,
Bacteria,B262,Edaphobaculum,Bacteria,Bacteroidota,Bacteroidia,Chitinophagales,Chitinophagaceae,Edaphobaculum
Bacteria,B263,Unclassified_Genus46,Bacteria,Proteobacteria,Alphaproteobacteria,Rhizobiales,Xanthobacteraceae,
Bacteria,B264,Aeromicrobium,Bacteria,Actinobacteriota,Actinobacteria,Propionibacteriales,Nocardioidaceae,Aeromicrobium
Bacteria,B265,Porticoccus,Bacteria,Proteobacteria,Gammaproteobacteria,Cellvibrionales,Porticoccaceae,Porticoccus
Bacteria,B266,Rubrobacter,Bacteria,Actinobacteriota,Rubrobacteria,Rubrobacterales,Rubrobacteriaceae,Rubrobacter
Bacteria,B267,Unclassified_Genus48,Bacteria,Verrucomicrobiota,Verrucomicrobiae,Chthoniobacterales,Chthoniobacteraceae,
Bacteria,B268,Aminobacter,Bacteria,Proteobacteria,Alphaproteobacteria,Rhizobiales,Rhizobiaceae,Aminobacter
Bacteria,B269,Luteimonas,Bacteria,Proteobacteria,Gammaproteobacteria,Xanthomonadales,Xanthomonadaceae,Luteimonas
Bacteria,B270,Lysinibacillus,Bacteria,Firmicutes,Bacilli,Bacillales,Planococcaceae,Lysinibacillus
Bacteria,B271,Maricaulis,Bacteria,Proteobacteria,Alphaproteobacteria,Caulobacterales,Hyphomonadaceae,Maricaulis
Bacteria,B272,Streptomyces,Bacteria,Actinobacteriota,Actinobacteria,Streptomycetales,Streptomycetaceae,Streptomyces
Bacteria,B273,Paraperlucidibaca,Bacteria,Proteobacteria,Gammaproteobacteria,Pseudomonadales,Moraxellaceae,Paraperlucidibaca
Bacteria,B274,Sva0996_marine_group,Bacteria,Actinobacteriota,Acidimicrobiia,Microtrichales,Microtrichaceae,Sva0996_marine_group
Bacteria,B275,Beijerinckia,Bacteria,Proteobacteria,Alphaproteobacteria,Rhizobiales,Beijerinckiaceae,Beijerinckia
Bacteria,B276,Pedomicrobium,Bacteria,Proteobacteria,Alphaproteobacteria,Rhizobiales,Hyphomicrobiaceae,Pedomicrobium
Bacteria,B277,Bryobacter,Bacteria,Acidobacteriota,Acidobacteriae,Bryobacterales,Bryobacteraceae,Bryobacter
Bacteria,B278,Unclassified_Genus49,Bacteria,,,,,
Bacteria,B279,Euzebyella,Bacteria,Bacteroidota,Bacteroidia,Flavobacteriales,Flavobacteriaceae,Euzebyella
Bacteria,B280,Marinobacter,Bacteria,Proteobacteria,Gammaproteobacteria,Alteromonadales,Marinobacteraceae,Marinobacter
Bacteria,B281,Vicingus,Bacteria,Bacteroidota,Bacteroidia,Flavobacteriales,Cryomorphaceae,Vicingus
Bacteria,B282,Unclassified_Genus50,Bacteria,Bacteroidota,Bacteroidia,Flavobacteriales,Flavobacteriaceae,
Bacteria,B283,Pseudorhodoplanes,Bacteria,Proteobacteria,Alphaproteobacteria,Rhizobiales,Xanthobacteraceae,Pseudorhodoplanes
Bacteria,B284,Unclassified_Genus51,Bacteria,Bacteroidota,Kapabacteria,Kapabacteriales,,
Bacteria,B285,Nordella,Bacteria,Proteobacteria,Alphaproteobacteria,Rhizobiales,Rhizobiales_Incertae_Sedis,Nordella
Bacteria,B286,Unclassified_Genus52,Bacteria,Proteobacteria,Alphaproteobacteria,Rhodospirillales,Magnetospiraceae,
Bacteria,B287,Stenotrophobacter,Bacteria,Acidobacteriota,Blastocatellia,Blastocatellales,Blastocatellaceae,Stenotrophobacter
Bacteria,B288,Knoellia,Bacteria,Actinobacteriota,Actinobacteria,Micrococcales,Intrasporangiaceae,Knoellia
Bacteria,B289,Hahella,Bacteria,Proteobacteria,Gammaproteobacteria,Oceanospirillales,Hahellaceae,Hahella
Bacteria,B290,Variovorax,Bacteria,Proteobacteria,Gammaproteobacteria,Burkholderiales,Comamonadaceae,Variovorax
Bacteria,B291,Leptothrix,Bacteria,Proteobacteria,Gammaproteobacteria,Burkholderiales,Comamonadaceae,Leptothrix
Bacteria,B292,Paludibaculum,Bacteria,Acidobacteriota,Acidobacteriae,Acidobacteriae_or,Acidobacteriae_fa,Paludibaculum
Bacteria,B293,Unclassified_Genus53,Bacteria,Bacteroidota,Bacteroidia,Chitinophagales,Chitinophagaceae,
Bacteria,B294,Turicibacter,Bacteria,Firmicutes,Bacilli,Erysipelotrichales,Erysipelotrichaceae,Turicibacter
Bacteria,B295,Rubritepida,Bacteria,Proteobacteria,Alphaproteobacteria,Acetobacterales,Acetobacteraceae,Rubritepida
Bacteria,B296,Unclassified_Genus54,Bacteria,Proteobacteria,Alphaproteobacteria,Elsterales,,
Bacteria,B297,Aquimonas,Bacteria,Proteobacteria,Gammaproteobacteria,Xanthomonadales,Rhodanobacteraceae,Aquimonas
Bacteria,B298,Aurantisolimonas,Bacteria,Bacteroidota,Bacteroidia,Chitinophagales,Chitinophagaceae,Aurantisolimonas
Bacteria,B299,BD1_7_clade,Bacteria,Proteobacteria,Gammaproteobacteria,Cellvibrionales,Spongiibacteraceae,BD1-7_clade
Bacteria,B300,Nakamurella,Bacteria,Actinobacteriota,Actinobacteria,Frankiales,Nakamurellaceae,Nakamurella
Bacteria,B301,Unclassified_Genus55,Bacteria,Cyanobacteria,Sericytochromatia,,,
Bacteria,B302,Reyranella,Bacteria,Proteobacteria,Alphaproteobacteria,Reyranellales,Reyranellaceae,Reyranella
Bacteria,B303,Aquibacter,Bacteria,Bacteroidota,Bacteroidia,Flavobacteriales,Flavobacteriaceae,Aquibacter
Bacteria,B304,Jannaschia,Bacteria,Proteobacteria,Alphaproteobacteria,Rhodobacterales,Rhodobacteraceae,Jannaschia
Bacteria,B305,Unclassified_Genus56,Bacteria,Proteobacteria,Gammaproteobacteria,Cellvibrionales,Cellvibrionaceae,
Bacteria,B306,Unclassified_Genus57,Bacteria,Desulfobacterota,Desulfuromonadia,Sva1033,,
Bacteria,B307,CL500_29_marine_group,Bacteria,Actinobacteriota,Acidimicrobiia,Microtrichales,Ilumatobacteraceae,CL500-29_marine_group
Bacteria,B308,Lactobacillus,Bacteria,Firmicutes,Bacilli,Lactobacillales,Lactobacillaceae,Lactobacillus
Bacteria,B309,Unclassified_Genus58,Bacteria,Cyanobacteria,Cyanobacteriia,Chloroplast,,
Bacteria,B310,Unclassified_Genus59,Bacteria,Proteobacteria,Gammaproteobacteria,Steroidobacterales,Steroidobacteraceae,
Bacteria,B311,Bdellovibrio,Bacteria,Bdellovibrionota,Bdellovibrionia,Bdellovibrionales,Bdellovibrionaceae,Bdellovibrio
Bacteria,B312,Methyloceanibacter,Bacteria,Proteobacteria,Alphaproteobacteria,Rhizobiales,Methyloligellaceae,Methyloceanibacter
Bacteria,B313,Aliiglaciecola,Bacteria,Proteobacteria,Gammaproteobacteria,Alteromonadales,Alteromonadaceae,Aliiglaciecola
Bacteria,B314,Nitrospira,Bacteria,Nitrospirota,Nitrospiria,Nitrospirales,Nitrospiraceae,Nitrospira
Bacteria,B315,Ornithinibacter,Bacteria,Actinobacteriota,Actinobacteria,Micrococcales,Intrasporangiaceae,Ornithinibacter
Bacteria,B316,Clostridium_sensu_stricto_9,Bacteria,Firmicutes,Clostridia,Clostridiales,Clostridiaceae,Clostridium_sensu_stricto_9
Bacteria,B317,Streptosporangium,Bacteria,Actinobacteriota,Actinobacteria,Streptosporangiales,Streptosporangiaceae,Streptosporangium
Bacteria,B318,Unclassified_Genus61,Bacteria,Acidobacteriota,Acidobacteriae,Subgroup_2,,
Bacteria,B319,Unclassified_Genus62,Bacteria,Acidobacteriota,Vicinamibacteria,Vicinamibacterales,Vicinamibacteraceae,
Bacteria,B320,Thiogranum,Bacteria,Proteobacteria,Gammaproteobacteria,Ectothiorhodospirales,Ectothiorhodospiraceae,Thiogranum
Bacteria,B321,Polycyclovorans,Bacteria,Proteobacteria,Gammaproteobacteria,Salinisphaerales,Solimonadaceae,Polycyclovorans
Bacteria,B322,Defluviicoccus,Bacteria,Proteobacteria,Alphaproteobacteria,Defluviicoccales,Defluviicoccaceae,Defluviicoccus
Bacteria,B323,Marinovum,Bacteria,Proteobacteria,Alphaproteobacteria,Rhodobacterales,Rhodobacteraceae,Marinovum
Bacteria,B324,Adhaeribacter,Bacteria,Bacteroidota,Bacteroidia,Cytophagales,Hymenobacteraceae,Adhaeribacter
Bacteria,B325,Unclassified_Genus63,Bacteria,Firmicutes,Clostridia,Clostridia_or,Hungateiclostridiaceae,
Bacteria,B326,Unclassified_Genus64,Bacteria,Proteobacteria,Alphaproteobacteria,Rhizobiales,Rhizobiaceae,
Bacteria,B327,Clavibacter,Bacteria,Actinobacteriota,Actinobacteria,Micrococcales,Microbacteriaceae,Clavibacter
Bacteria,B328,Unclassified_Genus65,Bacteria,Acidobacteriota,Acidobacteriae,PAUC26f,,
Bacteria,B329,Paeniglutamicibacter,Bacteria,Actinobacteriota,Actinobacteria,Micrococcales,Micrococcaceae,Paeniglutamicibacter
Bacteria,B330,Actibacterium,Bacteria,Proteobacteria,Alphaproteobacteria,Rhodobacterales,Rhodobacteraceae,Actibacterium
Bacteria,B331,Unclassified_Genus66,Bacteria,Proteobacteria,Alphaproteobacteria,Rickettsiales,,
Bacteria,B332,Lautropia,Bacteria,Proteobacteria,Gammaproteobacteria,Burkholderiales,Burkholderiaceae,Lautropia
Bacteria,B333,Lentibacter,Bacteria,Proteobacteria,Alphaproteobacteria,Rhodobacterales,Rhodobacteraceae,Lentibacter
Bacteria,B334,Methylotenera,Bacteria,Proteobacteria,Gammaproteobacteria,Burkholderiales,Methylophilaceae,Methylotenera
Bacteria,B335,Shimia,Bacteria,Proteobacteria,Alphaproteobacteria,Rhodobacterales,Rhodobacteraceae,Shimia
Bacteria,B336,Hirschia,Bacteria,Proteobacteria,Alphaproteobacteria,Caulobacterales,Hyphomonadaceae,Hirschia
Bacteria,B337,Unclassified_Genus67,Bacteria,Gemmatimonadota,BD2-11_terrestrial_group,,,
Bacteria,B338,Geminicoccus,Bacteria,Proteobacteria,Alphaproteobacteria,Tistrellales,Geminicoccaceae,Geminicoccus
Bacteria,B339,Williamsia,Bacteria,Actinobacteriota,Actinobacteria,Corynebacteriales,Nocardiaceae,Williamsia
Bacteria,B340,Unclassified_Genus68,Bacteria,Proteobacteria,Alphaproteobacteria,,,
Bacteria,B341,Unclassified_Genus69,Bacteria,Desulfobacterota,Desulfobulbia,Desulfobulbales,Desulfocapsaceae,
Bacteria,B342,Silicimonas,Bacteria,Proteobacteria,Alphaproteobacteria,Rhodobacterales,Rhodobacteraceae,Silicimonas
Bacteria,B343,Rhodoferax,Bacteria,Proteobacteria,Gammaproteobacteria,Burkholderiales,Comamonadaceae,Rhodoferax
Bacteria,B344,Algibacter,Bacteria,Bacteroidota,Bacteroidia,Flavobacteriales,Flavobacteriaceae,Algibacter
Bacteria,B345,Ellin6055,Bacteria,Proteobacteria,Alphaproteobacteria,Sphingomonadales,Sphingomonadaceae,Ellin6055
Bacteria,B346,Unclassified_Genus70,Bacteria,Proteobacteria,Gammaproteobacteria,Gammaproteobacteria_Incertae_Sedis,Unknown_Family,
Bacteria,B347,Quadrisphaera,Bacteria,Actinobacteriota,Actinobacteria,Kineosporiales,Kineosporiaceae,Quadrisphaera
Bacteria,B348,Unclassified_Genus71,Bacteria,Actinobacteriota,Acidimicrobiia,Actinomarinales,,
Bacteria,B349,Polaribacter,Bacteria,Bacteroidota,Bacteroidia,Flavobacteriales,Flavobacteriaceae,Polaribacter
Bacteria,B350,Unclassified_Genus72,Bacteria,Chloroflexi,Chloroflexia,Thermomicrobiales,AKYG1722,
Bacteria,B351,Crocinitomix,Bacteria,Bacteroidota,Bacteroidia,Flavobacteriales,Crocinitomicaceae,Crocinitomix
Bacteria,B352,Arcticiflavibacter,Bacteria,Bacteroidota,Bacteroidia,Flavobacteriales,Flavobacteriaceae,Arcticiflavibacter
Bacteria,B353,Unclassified_Genus73,Bacteria,Actinobacteriota,Actinobacteria,Micrococcales,Microbacteriaceae,
Bacteria,B354,Rubrivivax,Bacteria,Proteobacteria,Gammaproteobacteria,Burkholderiales,Comamonadaceae,Rubrivivax
Bacteria,B355,Unclassified_Genus74,Bacteria,Proteobacteria,Alphaproteobacteria,Rhizobiales,Beijerinckiaceae,
Bacteria,B356,OLB12,Bacteria,Bacteroidota,Bacteroidia,Cytophagales,Microscillaceae,OLB12
Bacteria,B357,Unclassified_Genus75,Bacteria,Bacteroidota,Bacteroidia,Flavobacteriales,NS9_marine_group,
Bacteria,B358,Arenicella,Bacteria,Proteobacteria,Gammaproteobacteria,Arenicellales,Arenicellaceae,Arenicella
Bacteria,B359,Phyllobacterium,Bacteria,Proteobacteria,Alphaproteobacteria,Rhizobiales,Rhizobiaceae,Phyllobacterium
Bacteria,B360,Unclassified_Genus76,Bacteria,Proteobacteria,Gammaproteobacteria,HOC36,,
Bacteria,B361,Lacihabitans,Bacteria,Bacteroidota,Bacteroidia,Cytophagales,Spirosomaceae,Lacihabitans
Bacteria,B362,Lysobacter,Bacteria,Proteobacteria,Gammaproteobacteria,Xanthomonadales,Xanthomonadaceae,Lysobacter
Bacteria,B363,IMCC26207,Bacteria,Actinobacteriota,Acidimicrobiia,Microtrichales,Microtrichaceae,IMCC26207
Bacteria,B364,Unclassified_Genus77,Bacteria,Proteobacteria,Gammaproteobacteria,KI89A_clade,,
Bacteria,B365,Unclassified_Genus78,Bacteria,Actinobacteriota,Acidimicrobiia,,,
Bacteria,B366,Blastocatella,Bacteria,Acidobacteriota,Blastocatellia,Blastocatellales,Blastocatellaceae,Blastocatella
Bacteria,B367,Neptunomonas,Bacteria,Proteobacteria,Gammaproteobacteria,Oceanospirillales,Nitrincolaceae,Neptunomonas
Bacteria,B368,Unclassified_Genus79,Bacteria,Patescibacteria,Parcubacteria,Candidatus_Kaiserbacteria,,
Bacteria,B369,966_1,Bacteria,Proteobacteria,Gammaproteobacteria,Burkholderiales,Nitrosomonadaceae,966-1
Bacteria,B370,Unclassified_Genus80,Bacteria,Proteobacteria,Alphaproteobacteria,Rhizobiales,Hyphomicrobiaceae,
Bacteria,B371,Conexibacter,Bacteria,Actinobacteriota,Thermoleophilia,Solirubrobacterales,Solirubrobacteraceae,Conexibacter
Bacteria,B372,Spirosoma,Bacteria,Bacteroidota,Bacteroidia,Cytophagales,Spirosomaceae,Spirosoma
Bacteria,B373,Verrucosispora,Bacteria,Actinobacteriota,Actinobacteria,Micromonosporales,Micromonosporaceae,Verrucosispora
Bacteria,B374,Aliivibrio,Bacteria,Proteobacteria,Gammaproteobacteria,Vibrionales,Vibrionaceae,Aliivibrio
Bacteria,B375,Unclassified_Genus81,Bacteria,Bacteroidota,Bacteroidia,Sphingobacteriales,env.OPS_17,
Bacteria,B376,Unclassified_Genus82,Bacteria,Proteobacteria,Alphaproteobacteria,Tistrellales,Geminicoccaceae,
Bacteria,B377,Albirhodobacter,Bacteria,Proteobacteria,Alphaproteobacteria,Rhodobacterales,Rhodobacteraceae,Albirhodobacter
Bacteria,B378,Unclassified_Genus83,Bacteria,Proteobacteria,Alphaproteobacteria,Acetobacterales,Acetobacteraceae,
Bacteria,B379,Rubellimicrobium,Bacteria,Proteobacteria,Alphaproteobacteria,Rhodobacterales,Rhodobacteraceae,Rubellimicrobium
Bacteria,B380,Pelosinus,Bacteria,Firmicutes,Negativicutes,Veillonellales-Selenomonadales,Sporomusaceae,Pelosinus
Bacteria,B381,Unclassified_Genus84,Bacteria,Actinobacteriota,Acidimicrobiia,IMCC26256,,
Bacteria,B382,Polymorphobacter,Bacteria,Proteobacteria,Alphaproteobacteria,Sphingomonadales,Sphingomonadaceae,Polymorphobacter
Bacteria,B383,Gemmobacter,Bacteria,Proteobacteria,Alphaproteobacteria,Rhodobacterales,Rhodobacteraceae,Gemmobacter
Bacteria,B384,Unclassified_Genus85,Bacteria,Bacteroidota,Bacteroidia,Chitinophagales,Saprospiraceae,
Bacteria,B385,Unclassified_Genus86,Bacteria,Proteobacteria,Gammaproteobacteria,CCD24,,
Bacteria,B386,Unclassified_Genus87,Bacteria,Actinobacteriota,MB-A2-108,,,
Bacteria,B387,Unclassified_Genus88,Bacteria,Proteobacteria,Gammaproteobacteria,Burkholderiales,TRA3-20,
Bacteria,B388,Unclassified_Genus89,Bacteria,Proteobacteria,Gammaproteobacteria,,,
Bacteria,B389,Unclassified_Genus90,Bacteria,Proteobacteria,Alphaproteobacteria,Parvibaculales,,
Bacteria,B390,Unclassified_Genus91,Bacteria,Bacteroidota,Bacteroidia,Cytophagales,Microscillaceae,
Bacteria,B391,Sphingobium,Bacteria,Proteobacteria,Alphaproteobacteria,Sphingomonadales,Sphingomonadaceae,Sphingobium
Bacteria,B392,Candidatus_Alysiosphaera,Bacteria,Proteobacteria,Alphaproteobacteria,Tistrellales,Geminicoccaceae,Candidatus_Alysiosphaera
Bacteria,B393,Unclassified_Genus92,Bacteria,Chloroflexi,Ktedonobacteria,C0119,,
Bacteria,B394,Paraclostridium,Bacteria,Firmicutes,Clostridia,Peptostreptococcales-Tissierellales,Peptostreptococcaceae,Paraclostridium
Bacteria,B395,Solimonas,Bacteria,Proteobacteria,Gammaproteobacteria,Salinisphaerales,Solimonadaceae,Solimonas
Bacteria,B396,Segetibacter,Bacteria,Bacteroidota,Bacteroidia,Chitinophagales,Chitinophagaceae,Segetibacter
Bacteria,B397,Unclassified_Genus93,Bacteria,Actinobacteriota,Acidimicrobiia,Microtrichales,Microtrichaceae,
Bacteria,B398,Pseudarcobacter,Bacteria,Campilobacterota,Campylobacteria,Campylobacterales,Arcobacteraceae,Pseudarcobacter
Bacteria,B399,Unclassified_Genus94,Bacteria,Chloroflexi,Dehalococcoidia,S085,,
Bacteria,B400,Dyadobacter,Bacteria,Bacteroidota,Bacteroidia,Cytophagales,Spirosomaceae,Dyadobacter
Bacteria,B401,Thalassolituus,Bacteria,Proteobacteria,Gammaproteobacteria,Oceanospirillales,Saccharospirillaceae,Thalassolituus
Bacteria,B402,Ruegeria,Bacteria,Proteobacteria,Alphaproteobacteria,Rhodobacterales,Rhodobacteraceae,Ruegeria
Bacteria,B403,Solitalea,Bacteria,Bacteroidota,Bacteroidia,Sphingobacteriales,Sphingobacteriaceae,Solitalea
Bacteria,B404,Asticcacaulis,Bacteria,Proteobacteria,Alphaproteobacteria,Caulobacterales,Caulobacteraceae,Asticcacaulis
Bacteria,B405,Unclassified_Genus95,Bacteria,Proteobacteria,Alphaproteobacteria,Puniceispirillales,,
Bacteria,B406,Reichenbachiella,Bacteria,Bacteroidota,Bacteroidia,Cytophagales,Cyclobacteriaceae,Reichenbachiella
Bacteria,B407,Unclassified_Genus96,Bacteria,Bacteroidota,Bacteroidia,Cytophagales,,
Bacteria,B408,Unclassified_Genus97,Bacteria,Proteobacteria,Alphaproteobacteria,Rickettsiales,Mitochondria,
Bacteria,B409,Chryseolinea,Bacteria,Bacteroidota,Bacteroidia,Cytophagales,Microscillaceae,Chryseolinea
Bacteria,B410,Unclassified_Genus98,Bacteria,Proteobacteria,Gammaproteobacteria,BD7-8,,
Bacteria,B411,Unclassified_Genus99,Bacteria,Chloroflexi,Chloroflexia,Kallotenuales,AKIW781,
Bacteria,B412,Caenimonas,Bacteria,Proteobacteria,Gammaproteobacteria,Burkholderiales,Comamonadaceae,Caenimonas
Bacteria,B413,Ahniella,Bacteria,Proteobacteria,Gammaproteobacteria,Xanthomonadales,Rhodanobacteraceae,Ahniella
Bacteria,B414,Hyphomonas,Bacteria,Proteobacteria,Alphaproteobacteria,Caulobacterales,Hyphomonadaceae,Hyphomonas
Bacteria,B415,Candidatus_Udaeobacter,Bacteria,Verrucomicrobiota,Verrucomicrobiae,Chthoniobacterales,Chthoniobacteraceae,Candidatus_Udaeobacter
Bacteria,B416,Maritalea,Bacteria,Proteobacteria,Alphaproteobacteria,Rhizobiales,Devosiaceae,Maritalea
Bacteria,B417,Unclassified_Genus100,Bacteria,Chloroflexi,Chloroflexia,Chloroflexales,Roseiflexaceae,
Bacteria,B418,Unclassified_Genus101,Bacteria,Proteobacteria,Alphaproteobacteria,Micropepsales,Micropepsaceae,
Bacteria,B419,Psychrosphaera,Bacteria,Proteobacteria,Gammaproteobacteria,Alteromonadales,Pseudoalteromonadaceae,Psychrosphaera
Bacteria,B420,Phenylobacterium,Bacteria,Proteobacteria,Alphaproteobacteria,Caulobacterales,Caulobacteraceae,Phenylobacterium
Bacteria,B421,Acidipila,Bacteria,Acidobacteriota,Acidobacteriae,Acidobacteriales,Acidobacteriaceae_(Subgroup_1),Acidipila
Bacteria,B422,Emticicia,Bacteria,Bacteroidota,Bacteroidia,Cytophagales,Spirosomaceae,Emticicia
Bacteria,B423,Unclassified_Genus102,Bacteria,Latescibacterota,,,,
Bacteria,B424,Unclassified_Genus103,Bacteria,Proteobacteria,Alphaproteobacteria,Rhizobiales,A0839,
Bacteria,B425,Aridibacter,Bacteria,Acidobacteriota,Blastocatellia,Blastocatellales,Blastocatellaceae,Aridibacter
Bacteria,B426,Granulosicoccus,Bacteria,Proteobacteria,Gammaproteobacteria,Granulosicoccales,Granulosicoccaceae,Granulosicoccus
Bacteria,B427,Unclassified_Genus104,Bacteria,Bacteroidota,Bacteroidia,Cytophagales,Cyclobacteriaceae,
Bacteria,B428,Kaistia,Bacteria,Proteobacteria,Alphaproteobacteria,Rhizobiales,Kaistiaceae,Kaistia
Bacteria,B429,Christensenellaceae_R_7_group,Bacteria,Firmicutes,Clostridia,Christensenellales,Christensenellaceae,Christensenellaceae_R-7_group
Bacteria,B430,Parasegetibacter,Bacteria,Bacteroidota,Bacteroidia,Chitinophagales,Chitinophagaceae,Parasegetibacter
Bacteria,B431,Unclassified_Genus105,Bacteria,Chloroflexi,OLB14,,,
Bacteria,B432,Unclassified_Genus106,Bacteria,Planctomycetota,OM190,,,
Bacteria,B433,Candidatus_Xiphinematobacter,Bacteria,Verrucomicrobiota,Verrucomicrobiae,Chthoniobacterales,Xiphinematobacteraceae,Candidatus_Xiphinematobacter
Bacteria,B434,UTBCD1,Bacteria,Bacteroidota,Bacteroidia,Chitinophagales,Chitinophagaceae,UTBCD1
Bacteria,B435,Flavimaricola,Bacteria,Proteobacteria,Alphaproteobacteria,Rhodobacterales,Rhodobacteraceae,Flavimaricola
Bacteria,B436,Luteitalea,Bacteria,Acidobacteriota,Vicinamibacteria,Vicinamibacterales,Vicinamibacteraceae,Luteitalea
Bacteria,B437,Unclassified_Genus107,Bacteria,Proteobacteria,Alphaproteobacteria,Caulobacterales,Hyphomonadaceae,
Bacteria,B438,CL500_3,Bacteria,Planctomycetota,Phycisphaerae,Phycisphaerales,Phycisphaeraceae,CL500-3
Bacteria,B439,Unclassified_Genus108,Bacteria,Actinobacteriota,,,,
Bacteria,B440,Sanguibacter,Bacteria,Actinobacteriota,Actinobacteria,Micrococcales,Sanguibacteraceae,Sanguibacter
Bacteria,B441,Unclassified_Genus109,Bacteria,Chloroflexi,Anaerolineae,Ardenticatenales,Ardenticatenaceae,
Bacteria,B442,Schleiferia,Bacteria,Bacteroidota,Bacteroidia,Flavobacteriales,Schleiferiaceae,Schleiferia
Bacteria,B443,Unclassified_Genus110,Bacteria,Acidobacteriota,Vicinamibacteria,Subgroup_17,,
Bacteria,B444,Candidatus_Solibacter,Bacteria,Acidobacteriota,Acidobacteriae,Solibacterales,Solibacteraceae,Candidatus_Solibacter
Bacteria,B445,Unclassified_Genus111,Bacteria,Myxococcota,Polyangia,Polyangiales,Sandaracinaceae,
Bacteria,B446,Cycloclasticus,Bacteria,Proteobacteria,Gammaproteobacteria,Methylococcales,Cycloclasticaceae,Cycloclasticus
Bacteria,B447,Unclassified_Genus112,Bacteria,Bacteroidota,Bacteroidia,Sphingobacteriales,NS11-12_marine_group,
Bacteria,B448,Rhodoplanes,Bacteria,Proteobacteria,Alphaproteobacteria,Rhizobiales,Xanthobacteraceae,Rhodoplanes
Bacteria,B449,Unclassified_Genus113,Bacteria,Proteobacteria,Gammaproteobacteria,Burkholderiales,Sutterellaceae,
Bacteria,B450,Cm1_21,Bacteria,Proteobacteria,Gammaproteobacteria,Nitrosococcales,Nitrosococcaceae,Cm1-21
Bacteria,B451,Undibacterium,Bacteria,Proteobacteria,Gammaproteobacteria,Burkholderiales,Oxalobacteraceae,Undibacterium
Bacteria,B452,Unclassified_Genus114,Bacteria,Firmicutes,Negativicutes,Acidaminococcales,Acidaminococcaceae,
Bacteria,B453,Unclassified_Genus115,Bacteria,Proteobacteria,Alphaproteobacteria,Defluviicoccales,,
Bacteria,B454,Fonticella,Bacteria,Firmicutes,Clostridia,Clostridiales,Caloramatoraceae,Fonticella
Bacteria,B455,Unclassified_Genus116,Bacteria,Proteobacteria,Gammaproteobacteria,PLTA13,,
Bacteria,B456,Candidatus_Nitrotoga,Bacteria,Proteobacteria,Gammaproteobacteria,Burkholderiales,Gallionellaceae,Candidatus_Nitrotoga
Bacteria,B457,SZB85,Bacteria,Proteobacteria,Gammaproteobacteria,Nitrosococcales,Nitrosococcaceae,SZB85
Bacteria,B458,Unclassified_Genus117,Bacteria,Proteobacteria,Alphaproteobacteria,Kordiimonadales,,
Bacteria,B459,Unclassified_Genus118,Bacteria,Actinobacteriota,Actinobacteria,Frankiales,Sporichthyaceae,
Bacteria,B460,Belnapia,Bacteria,Proteobacteria,Alphaproteobacteria,Acetobacterales,Acetobacteraceae,Belnapia
Bacteria,B461,Lutibacter,Bacteria,Bacteroidota,Bacteroidia,Flavobacteriales,Flavobacteriaceae,Lutibacter
Bacteria,B462,Unclassified_Genus119,Bacteria,Bacteroidota,Bacteroidia,Sphingobacteriales,AKYH767,
Bacteria,B463,Noviherbaspirillum,Bacteria,Proteobacteria,Gammaproteobacteria,Burkholderiales,Oxalobacteraceae,Noviherbaspirillum
Bacteria,B464,Unclassified_Genus120,Bacteria,Actinobacteriota,Actinobacteria,FFCH16263,,
Bacteria,B465,Halobacillus,Bacteria,Firmicutes,Bacilli,Bacillales,Bacillaceae,Halobacillus
Bacteria,B466,Dietzia,Bacteria,Actinobacteriota,Actinobacteria,Corynebacteriales,Dietziaceae,Dietzia
Bacteria,B467,Pontibacillus,Bacteria,Firmicutes,Bacilli,Bacillales,Bacillaceae,Pontibacillus
Bacteria,B468,Unclassified_Genus121,Bacteria,Acidobacteriota,Acidobacteriae,Acidobacteriales,,
Bacteria,B469,Ulvibacter,Bacteria,Bacteroidota,Bacteroidia,Flavobacteriales,Flavobacteriaceae,Ulvibacter
Bacteria,B470,Rheinheimera,Bacteria,Proteobacteria,Gammaproteobacteria,Alteromonadales,Alteromonadaceae,Rheinheimera
Bacteria,B471,Geodermatophilus,Bacteria,Actinobacteriota,Actinobacteria,Frankiales,Geodermatophilaceae,Geodermatophilus
Bacteria,B472,Methylocella,Bacteria,Proteobacteria,Alphaproteobacteria,Rhizobiales,Beijerinckiaceae,Methylocella
Bacteria,B473,Ramlibacter,Bacteria,Proteobacteria,Gammaproteobacteria,Burkholderiales,Comamonadaceae,Ramlibacter
Bacteria,B474,Unclassified_Genus122,Bacteria,Proteobacteria,Alphaproteobacteria,Reyranellales,Reyranellaceae,
Bacteria,B475,Taeseokella,Bacteria,Bacteroidota,Bacteroidia,Cytophagales,Spirosomaceae,Taeseokella
Bacteria,B476,Dactylosporangium,Bacteria,Actinobacteriota,Actinobacteria,Micromonosporales,Micromonosporaceae,Dactylosporangium
Bacteria,B477,Cellulomonas,Bacteria,Actinobacteriota,Actinobacteria,Micrococcales,Cellulomonadaceae,Cellulomonas
Bacteria,B478,Nitratireductor,Bacteria,Proteobacteria,Alphaproteobacteria,Rhizobiales,Rhizobiaceae,Nitratireductor
Bacteria,B479,Unclassified_Genus123,Bacteria,Actinobacteriota,Coriobacteriia,OPB41,,
Bacteria,B480,Runella,Bacteria,Bacteroidota,Bacteroidia,Cytophagales,Spirosomaceae,Runella
Bacteria,B481,Limibaculum,Bacteria,Proteobacteria,Alphaproteobacteria,Rhodobacterales,Rhodobacteraceae,Limibaculum
Bacteria,B482,Unclassified_Genus124,Bacteria,Proteobacteria,Gammaproteobacteria,Xanthomonadales,,
Bacteria,B483,Nitrosomonas,Bacteria,Proteobacteria,Gammaproteobacteria,Burkholderiales,Nitrosomonadaceae,Nitrosomonas
Bacteria,B484,Defluviimonas,Bacteria,Proteobacteria,Alphaproteobacteria,Rhodobacterales,Rhodobacteraceae,Defluviimonas
Bacteria,B485,Neochlamydia,Bacteria,Verrucomicrobiota,Chlamydiae,Chlamydiales,Parachlamydiaceae,Neochlamydia
Bacteria,B486,Brevibacillus,Bacteria,Firmicutes,Bacilli,Brevibacillales,Brevibacillaceae,Brevibacillus
Bacteria,B487,Unclassified_Genus125,Bacteria,Proteobacteria,Alphaproteobacteria,Rhizobiales,Devosiaceae,
Bacteria,B488,Nevskia,Bacteria,Proteobacteria,Gammaproteobacteria,Salinisphaerales,Solimonadaceae,Nevskia
Bacteria,B489,Bauldia,Bacteria,Proteobacteria,Alphaproteobacteria,Rhizobiales,Rhizobiales_Incertae_Sedis,Bauldia
Bacteria,B490,Dinghuibacter,Bacteria,Bacteroidota,Bacteroidia,Chitinophagales,Chitinophagaceae,Dinghuibacter
Bacteria,B491,Unclassified_Genus126,Bacteria,Actinobacteriota,Acidimicrobiia,Microtrichales,Ilumatobacteraceae,
Bacteria,B492,Unclassified_Genus128,Bacteria,Actinobacteriota,Actinobacteria,0319-7L14,,
Bacteria,B493,Jatrophihabitans,Bacteria,Actinobacteriota,Actinobacteria,Frankiales,Frankiaceae,Jatrophihabitans
Bacteria,B494,Sediminibacterium,Bacteria,Bacteroidota,Bacteroidia,Chitinophagales,Chitinophagaceae,Sediminibacterium
Bacteria,B495,Flavisolibacter,Bacteria,Bacteroidota,Bacteroidia,Chitinophagales,Chitinophagaceae,Flavisolibacter
Bacteria,B496,Candidatus_Thiobios,Bacteria,Proteobacteria,Gammaproteobacteria,Chromatiales,Chromatiaceae,Candidatus_Thiobios
Bacteria,B497,Unclassified_Genus129,Bacteria,Proteobacteria,Alphaproteobacteria,Rhizobiales,,
Bacteria,B498,Unclassified_Genus130,Bacteria,Acidobacteriota,Subgroup_22,,,
Bacteria,B499,Chthoniobacter,Bacteria,Verrucomicrobiota,Verrucomicrobiae,Chthoniobacterales,Chthoniobacteraceae,Chthoniobacter
Bacteria,B500,Granulicella,Bacteria,Acidobacteriota,Acidobacteriae,Acidobacteriales,Acidobacteriaceae_(Subgroup_1),Granulicella
Bacteria,B501,Unclassified_Genus131,Bacteria,Actinobacteriota,Actinobacteria,Streptomycetales,Streptomycetaceae,
Bacteria,B502,Anderseniella,Bacteria,Proteobacteria,Alphaproteobacteria,Rhizobiales,Rhizobiales_Incertae_Sedis,Anderseniella
Bacteria,B503,Gemmatimonas,Bacteria,Gemmatimonadota,Gemmatimonadetes,Gemmatimonadales,Gemmatimonadaceae,Gemmatimonas
Bacteria,B504,Unclassified_Genus132,Bacteria,Bacteroidota,Bacteroidia,Bacteroidales,Bacteroidetes_vadinHA17,
Bacteria,B505,Proteiniclasticum,Bacteria,Firmicutes,Clostridia,Clostridiales,Clostridiaceae,Proteiniclasticum
Bacteria,B506,Maribacter,Bacteria,Bacteroidota,Bacteroidia,Flavobacteriales,Flavobacteriaceae,Maribacter
Bacteria,B507,Unclassified_Genus133,Bacteria,Myxococcota,Polyangia,Nannocystales,Nannocystaceae,
Bacteria,B508,Lutispora,Bacteria,Firmicutes,Clostridia,Clostridia_or,Gracilibacteraceae,Lutispora
Bacteria,B509,Unclassified_Genus134,Bacteria,Chloroflexi,Anaerolineae,RBG-13-54-9,,
Bacteria,B510,Polaromonas,Bacteria,Proteobacteria,Gammaproteobacteria,Burkholderiales,Comamonadaceae,Polaromonas
Bacteria,B511,Cellvibrio,Bacteria,Proteobacteria,Gammaproteobacteria,Cellvibrionales,Cellvibrionaceae,Cellvibrio
Bacteria,B512,Unclassified_Genus136,Bacteria,Bacteroidota,Bacteroidia,Sphingobacteriales,KD3-93,
Bacteria,B513,Planomicrobium,Bacteria,Firmicutes,Bacilli,Bacillales,Planococcaceae,Planomicrobium
Bacteria,B514,Unclassified_Genus137,Bacteria,Chloroflexi,JG30-KF-CM66,,,
Bacteria,B515,Dechloromonas,Bacteria,Proteobacteria,Gammaproteobacteria,Burkholderiales,Rhodocyclaceae,Dechloromonas
Bacteria,B516,Perlucidibaca,Bacteria,Proteobacteria,Gammaproteobacteria,Pseudomonadales,Moraxellaceae,Perlucidibaca
Bacteria,B517,Unclassified_Genus138,Bacteria,Proteobacteria,Gammaproteobacteria,R7C24,,
Bacteria,B518,Unclassified_Genus140,Bacteria,Planctomycetota,Planctomycetes,Gemmatales,Gemmataceae,
Bacteria,B519,Tardiphaga,Bacteria,Proteobacteria,Alphaproteobacteria,Rhizobiales,Xanthobacteraceae,Tardiphaga
Bacteria,B520,Unclassified_Genus141,Bacteria,Elusimicrobiota,Elusimicrobia,Lineage_IV,,
Bacteria,B521,Candidatus_Koribacter,Bacteria,Acidobacteriota,Acidobacteriae,Acidobacteriales,Koribacteraceae,Candidatus_Koribacter
Bacteria,B522,Unclassified_Genus142,Bacteria,Proteobacteria,Gammaproteobacteria,Burkholderiales,SC-I-84,
Bacteria,B523,Rhodopseudomonas,Bacteria,Proteobacteria,Alphaproteobacteria,Rhizobiales,Xanthobacteraceae,Rhodopseudomonas
Bacteria,B524,MND1,Bacteria,Proteobacteria,Gammaproteobacteria,Burkholderiales,Nitrosomonadaceae,MND1
Bacteria,B525,Labrys,Bacteria,Proteobacteria,Alphaproteobacteria,Rhizobiales,Labraceae,Labrys
Bacteria,B526,Subgroup_23,Bacteria,Acidobacteriota,Thermoanaerobaculia,Thermoanaerobaculales,Thermoanaerobaculaceae,Subgroup_23
Bacteria,B527,SWB02,Bacteria,Proteobacteria,Alphaproteobacteria,Caulobacterales,Hyphomonadaceae,SWB02
Bacteria,B528,Unclassified_Genus143,Bacteria,Hydrogenedentes,Hydrogenedentia,Hydrogenedentiales,Hydrogenedensaceae,
Bacteria,B529,Hoppeia,Bacteria,Bacteroidota,Bacteroidia,Flavobacteriales,Flavobacteriaceae,Hoppeia
Bacteria,B530,Actibacter,Bacteria,Bacteroidota,Bacteroidia,Flavobacteriales,Flavobacteriaceae,Actibacter
Bacteria,B531,Limnohabitans,Bacteria,Proteobacteria,Gammaproteobacteria,Burkholderiales,Comamonadaceae,Limnohabitans
Bacteria,B532,WCHB1_32,Bacteria,Bacteroidota,Bacteroidia,Bacteroidales,Prolixibacteraceae,WCHB1-32
Bacteria,B533,Kribbella,Bacteria,Actinobacteriota,Actinobacteria,Propionibacteriales,Nocardioidaceae,Kribbella
Bacteria,B534,Unclassified_Genus144,Bacteria,Proteobacteria,Gammaproteobacteria,Thiohalorhabdales,Thiohalorhabdaceae,
Bacteria,B535,Dongia,Bacteria,Proteobacteria,Alphaproteobacteria,Dongiales,Dongiaceae,Dongia
Bacteria,B536,Unclassified_Genus145,Bacteria,Proteobacteria,Alphaproteobacteria,Kiloniellales,Kiloniellaceae,
Bacteria,B537,Salinimonas,Bacteria,Proteobacteria,Gammaproteobacteria,Alteromonadales,Alteromonadaceae,Salinimonas
Bacteria,B538,Solirubrobacter,Bacteria,Actinobacteriota,Thermoleophilia,Solirubrobacterales,Solirubrobacteraceae,Solirubrobacter
Bacteria,B539,Steroidobacter,Bacteria,Proteobacteria,Gammaproteobacteria,Steroidobacterales,Steroidobacteraceae,Steroidobacter
Bacteria,B540,Cereibacter,Bacteria,Proteobacteria,Alphaproteobacteria,Rhodobacterales,Rhodobacteraceae,Cereibacter
Bacteria,B541,Unclassified_Genus146,Bacteria,Acidobacteriota,Holophagae,Subgroup_7,,
Bacteria,B542,Anaerosinus,Bacteria,Firmicutes,Negativicutes,Veillonellales-Selenomonadales,Sporomusaceae,Anaerosinus
Bacteria,B543,Unclassified_Genus147,Bacteria,WPS-2,,,,
Bacteria,B544,Unclassified_Genus148,Bacteria,Proteobacteria,Gammaproteobacteria,UBA10353_marine_group,,
Bacteria,B545,Unclassified_Genus149,Bacteria,RCP2-54,,,,
Bacteria,B546,Halovulum,Bacteria,Proteobacteria,Alphaproteobacteria,Rhodobacterales,Rhodobacteraceae,Halovulum
Bacteria,B547,Haliangium,Bacteria,Myxococcota,Polyangia,Haliangiales,Haliangiaceae,Haliangium
Bacteria,B548,Unclassified_Genus150,Bacteria,Chloroflexi,TK10,,,
Bacteria,B549,Unclassified_Genus151,Bacteria,NB1-j,,,,
Bacteria,B550,Unclassified_Genus152,Bacteria,Acidobacteriota,Blastocatellia,nov-24,,
Bacteria,B551,Blastomonas,Bacteria,Proteobacteria,Alphaproteobacteria,Sphingomonadales,Sphingomonadaceae,Blastomonas
Bacteria,B552,Unclassified_Genus153,Bacteria,Firmicutes,,,,
Bacteria,B553,Unclassified_Genus154,Bacteria,Proteobacteria,Alphaproteobacteria,Rickettsiales,SM2D12,
Bacteria,B554,Unclassified_Genus155,Bacteria,Proteobacteria,Gammaproteobacteria,Xanthomonadales,Rhodanobacteraceae,
Bacteria,B555,Puia,Bacteria,Bacteroidota,Bacteroidia,Chitinophagales,Chitinophagaceae,Puia
Bacteria,B556,mle1_7,Bacteria,Proteobacteria,Gammaproteobacteria,Burkholderiales,Nitrosomonadaceae,mle1-7
Bacteria,B557,Unclassified_Genus156,Bacteria,Actinobacteriota,Actinobacteria,Micromonosporales,Micromonosporaceae,
Bacteria,B558,Tumebacillus,Bacteria,Firmicutes,Bacilli,Alicyclobacillales,Alicyclobacillaceae,Tumebacillus
Bacteria,B559,MM2,Bacteria,Proteobacteria,Gammaproteobacteria,Burkholderiales,Methylophilaceae,MM2
Bacteria,B560,Unclassified_Genus157,Bacteria,Bacteroidota,Bacteroidia,Sphingobacteriales,FFCH9454,
Bacteria,B561,Ellin6067,Bacteria,Proteobacteria,Gammaproteobacteria,Burkholderiales,Nitrosomonadaceae,Ellin6067
Bacteria,B562,Unclassified_Genus159,Bacteria,Firmicutes,Clostridia,Peptostreptococcales-Tissierellales,Anaerovoracaceae,
Bacteria,B563,P3O42,Bacteria,Myxococcota,Myxococcia,Myxococcales,Myxococcaceae,P3OB-42
Bacteria,B564,Croceicoccus,Bacteria,Proteobacteria,Alphaproteobacteria,Sphingomonadales,Sphingomonadaceae,Croceicoccus
Bacteria,B565,Anaerovorax,Bacteria,Firmicutes,Clostridia,Peptostreptococcales-Tissierellales,Anaerovoracaceae,Anaerovorax
Bacteria,B566,Palleronia_Pseudomaribius,Bacteria,Proteobacteria,Alphaproteobacteria,Rhodobacterales,Rhodobacteraceae,Palleronia-Pseudomaribius
Bacteria,B567,Wenxinia,Bacteria,Proteobacteria,Alphaproteobacteria,Rhodobacterales,Rhodobacteraceae,Wenxinia
Bacteria,B568,Intrasporangium,Bacteria,Actinobacteriota,Actinobacteria,Micrococcales,Intrasporangiaceae,Intrasporangium
Bacteria,B569,Unclassified_Genus160,Bacteria,Gemmatimonadota,PAUC43f_marine_benthic_group,,,
Bacteria,B570,Sulfurovum,Bacteria,Campilobacterota,Campylobacteria,Campylobacterales,Sulfurovaceae,Sulfurovum
Bacteria,B571,Marimicrobium,Bacteria,Proteobacteria,Gammaproteobacteria,Cellvibrionales,Halieaceae,Marimicrobium
Bacteria,B572,Actinoallomurus,Bacteria,Actinobacteriota,Actinobacteria,Streptosporangiales,Thermomonosporaceae,Actinoallomurus
Bacteria,B573,Occallatibacter,Bacteria,Acidobacteriota,Acidobacteriae,Acidobacteriales,Acidobacteriaceae_(Subgroup_1),Occallatibacter
Bacteria,B574,Rhodomicrobium,Bacteria,Proteobacteria,Alphaproteobacteria,Rhizobiales,Rhodomicrobiaceae,Rhodomicrobium
Bacteria,B575,Litoreibacter,Bacteria,Proteobacteria,Alphaproteobacteria,Rhodobacterales,Rhodobacteraceae,Litoreibacter
Bacteria,B576,Xylophilus,Bacteria,Proteobacteria,Gammaproteobacteria,Burkholderiales,Comamonadaceae,Xylophilus
Bacteria,B577,Phaeodactylibacter,Bacteria,Bacteroidota,Bacteroidia,Chitinophagales,Saprospiraceae,Phaeodactylibacter
Bacteria,B578,Afipia,Bacteria,Proteobacteria,Alphaproteobacteria,Rhizobiales,Xanthobacteraceae,Afipia
Bacteria,B579,Rhizocola,Bacteria,Actinobacteriota,Actinobacteria,Micromonosporales,Micromonosporaceae,Rhizocola
Bacteria,B580,Candidatus_Entotheonella,Bacteria,Entotheonellaeota,Entotheonellia,Entotheonellales,Entotheonellaceae,Candidatus_Entotheonella
Bacteria,B581,Kitasatospora,Bacteria,Actinobacteriota,Actinobacteria,Streptomycetales,Streptomycetaceae,Kitasatospora
Bacteria,B582,Unclassified_Genus162,Bacteria,Proteobacteria,Alphaproteobacteria,Rhizobiales,KF-JG30-B3,
Bacteria,B583,Sphaerobacter,Bacteria,Chloroflexi,Chloroflexia,Thermomicrobiales,Thermomicrobiaceae,Sphaerobacter
Bacteria,B584,Fibrella,Bacteria,Bacteroidota,Bacteroidia,Cytophagales,Spirosomaceae,Fibrella
Bacteria,B585,Psychroglaciecola,Bacteria,Proteobacteria,Alphaproteobacteria,Rhizobiales,Beijerinckiaceae,Psychroglaciecola
Bacteria,B586,Lapillicoccus,Bacteria,Actinobacteriota,Actinobacteria,Micrococcales,Intrasporangiaceae,Lapillicoccus
Bacteria,B587,Unclassified_Genus164,Bacteria,Proteobacteria,Gammaproteobacteria,WD260,,
Bacteria,B588,Anaerobacillus,Bacteria,Firmicutes,Bacilli,Bacillales,Bacillaceae,Anaerobacillus
Bacteria,B589,Rhodoblastus,Bacteria,Proteobacteria,Alphaproteobacteria,Rhizobiales,Beijerinckiaceae,Rhodoblastus
Bacteria,B590,Unclassified_Genus165,Bacteria,Desulfobacterota,Desulfuromonadia,Bradymonadales,,
Bacteria,B591,Prosthecomicrobium,Bacteria,Proteobacteria,Alphaproteobacteria,Rhizobiales,Pleomorphomonadaceae,Prosthecomicrobium
Bacteria,B592,Unclassified_Genus166,Bacteria,Methylomirabilota,Methylomirabilia,Rokubacteriales,,
Bacteria,B593,Plot4_2H12,Bacteria,Proteobacteria,Alphaproteobacteria,Sphingomonadales,Sphingomonadaceae,Plot4-2H12
Bacteria,B594,Unclassified_Genus167,Bacteria,Proteobacteria,Alphaproteobacteria,Rhizobiales,Amb-16S-1323,
Bacteria,B595,Unclassified_Genus168,Bacteria,Bacteroidota,Bacteroidia,Chitinophagales,,
Bacteria,B596,Parafrigoribacterium,Bacteria,Actinobacteriota,Actinobacteria,Micrococcales,Microbacteriaceae,Parafrigoribacterium
Bacteria,B597,Paludibacter,Bacteria,Bacteroidota,Bacteroidia,Bacteroidales,Paludibacteraceae,Paludibacter
Bacteria,B598,Flavitalea,Bacteria,Bacteroidota,Bacteroidia,Chitinophagales,Chitinophagaceae,Flavitalea
Bacteria,B599,Geobacter,Bacteria,Desulfobacterota,Desulfuromonadia,Geobacterales,Geobacteraceae,Geobacter
Bacteria,B600,Unclassified_Genus170,Bacteria,Actinobacteriota,Thermoleophilia,Solirubrobacterales,Solirubrobacteraceae,
Bacteria,B601,Caryophanon,Bacteria,Firmicutes,Bacilli,Bacillales,Planococcaceae,Caryophanon
Bacteria,B602,Unclassified_Genus171,Bacteria,Bacteroidota,Bacteroidia,Flavobacteriales,Crocinitomicaceae,
Bacteria,B603,Nitrosospira,Bacteria,Proteobacteria,Gammaproteobacteria,Burkholderiales,Nitrosomonadaceae,Nitrosospira
Bacteria,B604,Unclassified_Genus172,Bacteria,Bdellovibrionota,Oligoflexia,0319-6G20,,
Bacteria,B605,Chthonobacter,Bacteria,Proteobacteria,Alphaproteobacteria,Rhizobiales,Pleomorphomonadaceae,Chthonobacter
Bacteria,B606,Sulfurifustis,Bacteria,Proteobacteria,Gammaproteobacteria,Acidiferrobacterales,Acidiferrobacteraceae,Sulfurifustis
Bacteria,B607,Unclassified_Genus173,Bacteria,Bacteroidota,Bacteroidia,Flavobacteriales,Cryomorphaceae,
Bacteria,B608,Unclassified_Genus174,Bacteria,Chloroflexi,Chloroflexia,Chloroflexales,Chloroflexaceae,
Bacteria,B609,Unclassified_Genus175,Bacteria,Firmicutes,Clostridia,Lachnospirales,,
Bacteria,B610,Unclassified_Genus176,Bacteria,Acidobacteriota,Subgroup_18,,,
Bacteria,B611,Unclassified_Genus177,Bacteria,Bacteroidota,SJA-28,,,
Bacteria,B612,Unclassified_Genus178,Bacteria,Myxococcota,Polyangia,Blfdi19,,
Bacteria,B613,Unclassified_Genus179,Bacteria,Actinobacteriota,Actinobacteria,,,
Bacteria,B614,Acidibacter,Bacteria,Proteobacteria,Gammaproteobacteria,Gammaproteobacteria_Incertae_Sedis,Unknown_Family,Acidibacter
Bacteria,B615,Candidatus_Berkiella,Bacteria,Proteobacteria,Gammaproteobacteria,Gammaproteobacteria_Incertae_Sedis,Unknown_Family,Candidatus_Berkiella
Bacteria,B616,Pseudofulvibacter,Bacteria,Bacteroidota,Bacteroidia,Flavobacteriales,Flavobacteriaceae,Pseudofulvibacter
Bacteria,B617,Unclassified_Genus180,Bacteria,Entotheonellaeota,Entotheonellia,Entotheonellales,Entotheonellaceae,
Bacteria,B618,Cobetia,Bacteria,Proteobacteria,Gammaproteobacteria,Oceanospirillales,Halomonadaceae,Cobetia
Bacteria,B619,hgcI_clade,Bacteria,Actinobacteriota,Actinobacteria,Frankiales,Sporichthyaceae,hgcI_clade
Bacteria,B620,Roseisolibacter,Bacteria,Gemmatimonadota,Gemmatimonadetes,Gemmatimonadales,Gemmatimonadaceae,Roseisolibacter
Bacteria,B621,Unclassified_Genus181,Bacteria,Acidobacteriota,Subgroup_11,,,
Bacteria,B622,Unclassified_Genus182,Bacteria,Chloroflexi,Anaerolineae,SJA-15,,
Bacteria,B623,Rurimicrobium,Bacteria,Bacteroidota,Bacteroidia,Chitinophagales,Chitinophagaceae,Rurimicrobium
Bacteria,B624,Oryzihumus,Bacteria,Actinobacteriota,Actinobacteria,Micrococcales,Intrasporangiaceae,Oryzihumus
Bacteria,B625,Citrifermentans,Bacteria,Desulfobacterota,Desulfuromonadia,Geobacterales,Geobacteraceae,Citrifermentans
Bacteria,B626,Clostridium_sensu_stricto_8,Bacteria,Firmicutes,Clostridia,Clostridiales,Clostridiaceae,Clostridium_sensu_stricto_8
Bacteria,B627,Hydrogenispora,Bacteria,Firmicutes,Limnochordia,Limnochordia_or,Limnochordia_fa,Hydrogenispora
Bacteria,B628,Archangium,Bacteria,Myxococcota,Myxococcia,Myxococcales,Myxococcaceae,Archangium
Bacteria,B629,Desulfuromonas,Bacteria,Desulfobacterota,Desulfuromonadia,Desulfuromonadia_or,Desulfuromonadaceae,Desulfuromonas
Bacteria,B630,Unclassified_Genus183,Bacteria,WS2,,,,
Bacteria,B631,Unclassified_Genus184,Bacteria,Proteobacteria,Gammaproteobacteria,Ga0077536,,
Bacteria,B632,SCGC_AAA164_E04,Bacteria,Verrucomicrobiota,Verrucomicrobiae,Pedosphaerales,Pedosphaeraceae,SCGC_AAA164-E04
Bacteria,B633,Unclassified_Genus185,Bacteria,Verrucomicrobiota,Verrucomicrobiae,Pedosphaerales,Pedosphaeraceae,
Bacteria,B634,Portibacter,Bacteria,Bacteroidota,Bacteroidia,Chitinophagales,Saprospiraceae,Portibacter
Bacteria,B635,Fulvivirga,Bacteria,Bacteroidota,Bacteroidia,Cytophagales,Cyclobacteriaceae,Fulvivirga
Bacteria,B636,Subgroup_10,Bacteria,Acidobacteriota,Thermoanaerobaculia,Thermoanaerobaculales,Thermoanaerobaculaceae,Subgroup_10
Bacteria,B637,Unclassified_Genus187,Bacteria,Chloroflexi,Ktedonobacteria,B12-WMSP1,,
Bacteria,B638,Desulfobulbus,Bacteria,Desulfobacterota,Desulfobulbia,Desulfobulbales,Desulfobulbaceae,Desulfobulbus
Bacteria,B639,Ruminiclostridium,Bacteria,Firmicutes,Clostridia,Clostridia_or,Hungateiclostridiaceae,Ruminiclostridium
Bacteria,B640,Unclassified_Genus188,Bacteria,Desulfobacterota,,,,
Bacteria,B641,Unclassified_Genus189,Bacteria,Gemmatimonadota,S0134_terrestrial_group,,,
Bacteria,B642,Luedemannella,Bacteria,Actinobacteriota,Actinobacteria,Micromonosporales,Micromonosporaceae,Luedemannella
Bacteria,B643,Pseudaminobacter,Bacteria,Proteobacteria,Alphaproteobacteria,Rhizobiales,Rhizobiaceae,Pseudaminobacter
Bacteria,B644,Dinoroseobacter,Bacteria,Proteobacteria,Alphaproteobacteria,Rhodobacterales,Rhodobacteraceae,Dinoroseobacter
Bacteria,B645,Acetobacterium,Bacteria,Firmicutes,Clostridia,Eubacteriales,Eubacteriaceae,Acetobacterium
Bacteria,B646,Candidatus_Protochlamydia,Bacteria,Verrucomicrobiota,Chlamydiae,Chlamydiales,Parachlamydiaceae,Candidatus_Protochlamydia
Bacteria,B647,SAR92_clade,Bacteria,Proteobacteria,Gammaproteobacteria,Cellvibrionales,Porticoccaceae,SAR92_clade
Bacteria,B648,Amycolatopsis,Bacteria,Actinobacteriota,Actinobacteria,Pseudonocardiales,Pseudonocardiaceae,Amycolatopsis
Bacteria,B649,OLB8,Bacteria,Bacteroidota,Bacteroidia,Chitinophagales,Saprospiraceae,OLB8
Bacteria,B650,Gilvibacter,Bacteria,Bacteroidota,Bacteroidia,Flavobacteriales,Flavobacteriaceae,Gilvibacter
Bacteria,B651,Unclassified_Genus195,Bacteria,Acidobacteriota,Subgroup_5,,,
Bacteria,B652,Unclassified_Genus196,Bacteria,Methylomirabilota,Methylomirabilia,Rokubacteriales,WX65,
Bacteria,B653,Unclassified_Genus198,Bacteria,Desulfobacterota,Syntrophobacteria,Syntrophobacterales,,
Bacteria,B654,Unclassified_Genus199,Bacteria,Bdellovibrionota,Oligoflexia,Oligoflexales,,
Bacteria,B655,Tetrasphaera,Bacteria,Actinobacteriota,Actinobacteria,Micrococcales,Intrasporangiaceae,Tetrasphaera
Bacteria,B656,Subtercola,Bacteria,Actinobacteriota,Actinobacteria,Micrococcales,Microbacteriaceae,Subtercola
Bacteria,B657,Unclassified_Genus201,Bacteria,Myxococcota,Myxococcia,Myxococcales,Myxococcaceae,
Bacteria,B658,Unclassified_Genus202,Bacteria,Firmicutes,Clostridia,Peptococcales,Peptococcaceae,
Bacteria,B659,Anaeromyxobacter,Bacteria,Myxococcota,Myxococcia,Myxococcales,Anaeromyxobacteraceae,Anaeromyxobacter
Bacteria,B660,IS_44,Bacteria,Proteobacteria,Gammaproteobacteria,Burkholderiales,Nitrosomonadaceae,IS-44
Bacteria,B661,Quatrionicoccus,Bacteria,Proteobacteria,Gammaproteobacteria,Burkholderiales,Rhodocyclaceae,Quatrionicoccus
Bacteria,B662,Ferribacterium,Bacteria,Proteobacteria,Gammaproteobacteria,Burkholderiales,Rhodocyclaceae,Ferribacterium
Bacteria,B663,Unclassified_Genus207,Bacteria,Verrucomicrobiota,Verrucomicrobiae,Verrucomicrobiales,DEV007,
Bacteria,B664,Unclassified_Genus208,Bacteria,Proteobacteria,Gammaproteobacteria,Burkholderiales,Oxalobacteraceae,
Bacteria,B665,Unclassified_Genus209,Bacteria,Myxococcota,Polyangia,Polyangiales,BIrii41,
Bacteria,B666,Edaphobacter,Bacteria,Acidobacteriota,Acidobacteriae,Acidobacteriales,Acidobacteriaceae_(Subgroup_1),Edaphobacter
Bacteria,B667,Unclassified_Genus211,Bacteria,Myxococcota,bacteriap25,,,
Bacteria,B668,Anaerolinea,Bacteria,Chloroflexi,Anaerolineae,Anaerolineales,Anaerolineaceae,Anaerolinea
Bacteria,B669,Aquisphaera,Bacteria,Planctomycetota,Planctomycetes,Isosphaerales,Isosphaeraceae,Aquisphaera
Bacteria,B670,Actinoplanes,Bacteria,Actinobacteriota,Actinobacteria,Micromonosporales,Micromonosporaceae,Actinoplanes
Bacteria,B671,Rhodanobacter,Bacteria,Proteobacteria,Gammaproteobacteria,Xanthomonadales,Rhodanobacteraceae,Rhodanobacter
Bacteria,B672,Desulfosporosinus,Bacteria,Firmicutes,Desulfitobacteriia,Desulfitobacteriales,Desulfitobacteriaceae,Desulfosporosinus
Bacteria,B673,Unclassified_Genus221,Bacteria,Firmicutes,Clostridia,,,
Bacteria,B674,Actinopolymorpha,Bacteria,Actinobacteriota,Actinobacteria,Propionibacteriales,Nocardioidaceae,Actinopolymorpha
Bacteria,B675,Amnibacterium,Bacteria,Actinobacteriota,Actinobacteria,Micrococcales,Microbacteriaceae,Amnibacterium
Fungi,F1,Lecanicillium,Fungi,Ascomycota,Sordariomycetes,Hypocreales,Cordycipitaceae,Lecanicillium
Fungi,F2,Cladosporium,Fungi,Ascomycota,Dothideomycetes,Capnodiales,Cladosporiaceae,Cladosporium
Fungi,F3,Mycosphaerella,Fungi,Ascomycota,Dothideomycetes,Capnodiales,Mycosphaerellaceae,Mycosphaerella
Fungi,F4,Botryotinia,Fungi,Ascomycota,Leotiomycetes,Helotiales,Sclerotiniaceae,Botryotinia
Fungi,F5,Mucor,Fungi,Mucoromycota,Mucoromycetes,Mucorales,Mucoraceae,Mucor
Fungi,F6,Plectosphaerella,Fungi,Ascomycota,Sordariomycetes,Glomerellales,Plectosphaerellaceae,Plectosphaerella
Fungi,F7,Xylodon,Fungi,Basidiomycota,Agaricomycetes,Hymenochaetales,Schizoporaceae,Xylodon
Fungi,F8,Alternaria,Fungi,Ascomycota,Dothideomycetes,Pleosporales,Pleosporaceae,Alternaria
Fungi,F9,Aureobasidium,Fungi,Ascomycota,Dothideomycetes,Dothideales,Aureobasidiaceae,Aureobasidium
Fungi,F10,Boeremia,Fungi,Ascomycota,Dothideomycetes,Pleosporales,Didymellaceae,Boeremia
Fungi,F11,Unclassified_Genus,Fungi,Basidiomycota,Malasseziomycetes,Malasseziales,,
Fungi,F12,Claviceps,Fungi,Ascomycota,Sordariomycetes,Hypocreales,Clavicipitaceae,Claviceps
Fungi,F13,Trametes,Fungi,Basidiomycota,Agaricomycetes,Polyporales,Polyporaceae,Trametes
Fungi,F14,Beauveria,Fungi,Ascomycota,Sordariomycetes,Hypocreales,Cordycipitaceae,Beauveria
Fungi,F15,Preussia,Fungi,Ascomycota,Dothideomycetes,Pleosporales,Sporormiaceae,Preussia
Fungi,F16,Vishniacozyma,Fungi,Basidiomycota,Tremellomycetes,Tremellales,Bulleribasidiaceae,Vishniacozyma
Fungi,F17,Unclassified_Genus1,Fungi,Basidiomycota,Agaricomycetes,Atheliales,Tylosporaceae,
Fungi,F18,Unclassified_Genus2,Fungi,Basidiomycota,Tremellomycetes,Tremellales,,
Fungi,F19,Pyrenochaetopsis,Fungi,Ascomycota,Dothideomycetes,Pleosporales,Cucurbitariaceae,Pyrenochaetopsis
Fungi,F20,Malassezia,Fungi,Basidiomycota,Malasseziomycetes,Malasseziales,Malasseziaceae,Malassezia
Fungi,F21,Asteromyces,Fungi,Ascomycota,Dothideomycetes,Pleosporales,Pleosporaceae,Asteromyces
Fungi,F22,Hypholoma,Fungi,Basidiomycota,Agaricomycetes,Agaricales,Strophariaceae,Hypholoma
Fungi,F23,Cystobasidium,Fungi,Basidiomycota,Cystobasidiomycetes,Cystobasidiales,Cystobasidiaceae,Cystobasidium
Fungi,F24,Gibberella,Fungi,Ascomycota,Sordariomycetes,Hypocreales,Nectriaceae,Gibberella
Fungi,F25,Thelebolus,Fungi,Ascomycota,Leotiomycetes,Thelebolales,Thelebolaceae,Thelebolus
Fungi,F26,Schizopora,Fungi,Basidiomycota,Agaricomycetes,Hymenochaetales,Schizoporaceae,Schizopora
Fungi,F27,Metarhizium,Fungi,Ascomycota,Sordariomycetes,Hypocreales,Clavicipitaceae,Metarhizium
Fungi,F28,Unclassified_Genus3,Fungi,Ascomycota,Dothideomycetes,Pleosporales,Pleosporaceae,
Fungi,F29,Periconia,Fungi,Ascomycota,Dothideomycetes,Pleosporales,Periconiaceae,Periconia
Fungi,F30,Truncatella,Fungi,Ascomycota,Sordariomycetes,Xylariales,Bartaliniaceae,Truncatella
Fungi,F31,Unclassified_Genus4,Fungi,Rozellomycota,Rozellomycotina_cls_Incertae_sedis,Branch03,,
Fungi,F32,Sporobolomyces,Fungi,Basidiomycota,Microbotryomycetes,Sporidiobolales,Sporidiobolaceae,Sporobolomyces
Fungi,F33,Unclassified_Genus5,Fungi,Chytridiomycota,Spizellomycetes,Spizellomycetales,,
Fungi,F34,Coprinellus,Fungi,Basidiomycota,Agaricomycetes,Agaricales,Psathyrellaceae,Coprinellus
Fungi,F35,Paraphaeosphaeria,Fungi,Ascomycota,Dothideomycetes,Pleosporales,Didymosphaeriaceae,Paraphaeosphaeria
Fungi,F36,Arthrinium,Fungi,Ascomycota,Sordariomycetes,Xylariales,Apiosporaceae,Arthrinium
Fungi,F37,Clitocybe,Fungi,Basidiomycota,Agaricomycetes,Agaricales,Tricholomataceae,Clitocybe
Fungi,F38,Saitozyma,Fungi,Basidiomycota,Tremellomycetes,Tremellales,Trimorphomycetaceae,Saitozyma
Fungi,F39,Microdochium,Fungi,Ascomycota,Sordariomycetes,Xylariales,Microdochiaceae,Microdochium
Fungi,F_Aspergillus,Aspergillus,Fungi,Ascomycota,Eurotiomycetes,Eurotiales,Aspergillaceae,Aspergillus
Fungi,F41,Symmetrospora,Fungi,Basidiomycota,Cystobasidiomycetes,Cystobasidiomycetes_ord_Incertae_sedis,Symmetrosporaceae,Symmetrospora
Fungi,F42,Thermomyces,Fungi,Ascomycota,Eurotiomycetes,Eurotiales,Trichocomaceae,Thermomyces
Fungi,F43,Trichoderma,Fungi,Ascomycota,Sordariomycetes,Hypocreales,Hypocreaceae,Trichoderma
Fungi,F44,Heterobasidion,Fungi,Basidiomycota,Agaricomycetes,Russulales,Bondarzewiaceae,Heterobasidion
Fungi,F45,Trechispora,Fungi,Basidiomycota,Agaricomycetes,Trechisporales,Hydnodontaceae,Trechispora
Fungi,F46,Unclassified_Genus6,Fungi,Ascomycota,Sordariomycetes,Xylariales,Diatrypaceae,
Fungi,F47,Penicillium,Fungi,Ascomycota,Eurotiomycetes,Eurotiales,Aspergillaceae,Penicillium
Fungi,F48,Fusarium,Fungi,Ascomycota,Sordariomycetes,Hypocreales,Nectriaceae,Fusarium
Fungi,F49,Murilentithecium,Fungi,Ascomycota,Dothideomycetes,Pleosporales,Lentitheciaceae,Murilentithecium
Fungi,F50,Tausonia,Fungi,Basidiomycota,Tremellomycetes,Cystofilobasidiales,Mrakiaceae,Tausonia
Fungi,F51,Infundichalara,Fungi,Ascomycota,Leotiomycetes,Helotiales,Helotiaceae,Infundichalara
Fungi,F52,Paraconiothyrium,Fungi,Ascomycota,Dothideomycetes,Pleosporales,Didymosphaeriaceae,Paraconiothyrium
Fungi,F53,Dichotomopilus,Fungi,Ascomycota,Sordariomycetes,Sordariales,Chaetomiaceae,Dichotomopilus
Fungi,F54,Clonostachys,Fungi,Ascomycota,Sordariomycetes,Hypocreales,Bionectriaceae,Clonostachys
Fungi,F55,Epicoccum,Fungi,Ascomycota,Dothideomycetes,Pleosporales,Didymellaceae,Epicoccum
Fungi,F56,Unclassified_Genus8,Fungi,Ascomycota,Dothideomycetes,Pleosporales,Didymellaceae,
Fungi,F57,Crepidotus,Fungi,Basidiomycota,Agaricomycetes,Agaricales,Crepidotaceae,Crepidotus
Fungi,F58,Acremonium,Fungi,Ascomycota,Sordariomycetes,Hypocreales,Hypocreales_fam_Incertae_sedis,Acremonium
Fungi,F59,Unclassified_Genus9,Fungi,Ascomycota,Sordariomycetes,Sordariales,Lasiosphaeriaceae,
Fungi,F60,Neoascochyta,Fungi,Ascomycota,Dothideomycetes,Pleosporales,Didymellaceae,Neoascochyta
Fungi,F61,Parasarocladium,Fungi,Ascomycota,Sordariomycetes,Hypocreales,Sarocladiaceae,Parasarocladium
Fungi,F62,Unclassified_Genus10,Fungi,Ascomycota,Dothideomycetes,Capnodiales,,
Fungi,F63,Pseudogymnoascus,Fungi,Ascomycota,Leotiomycetes,Thelebolales,Pseudeurotiaceae,Pseudogymnoascus
Fungi,F64,Wallemia,Fungi,Basidiomycota,Wallemiomycetes,Wallemiales,Wallemiaceae,Wallemia
Fungi,F65,Bipolaris,Fungi,Ascomycota,Dothideomycetes,Pleosporales,Pleosporaceae,Bipolaris
Fungi,F66,Didymella,Fungi,Ascomycota,Dothideomycetes,Pleosporales,Didymellaceae,Didymella
Fungi,F67,Solicoccozyma,Fungi,Basidiomycota,Tremellomycetes,Filobasidiales,Piskurozymaceae,Solicoccozyma
Fungi,F68,Gibellulopsis,Fungi,Ascomycota,Sordariomycetes,Glomerellales,Plectosphaerellaceae,Gibellulopsis
Fungi,F69,Paraphoma,Fungi,Ascomycota,Dothideomycetes,Pleosporales,Phaeosphaeriaceae,Paraphoma
Fungi,F70,Mortierella,Fungi,Mortierellomycota,Mortierellomycetes,Mortierellales,Mortierellaceae,Mortierella
Fungi,F71,Nigrospora,Fungi,Ascomycota,Sordariomycetes,Trichosphaeriales,Trichosphaeriaceae,Nigrospora
Fungi,F72,Sarocladium,Fungi,Ascomycota,Sordariomycetes,Hypocreales,Hypocreales_fam_Incertae_sedis,Sarocladium
Fungi,F73,Unclassified_Genus11,Fungi,Ascomycota,Sordariomycetes,Coniochaetales,Coniochaetaceae,
Fungi,F74,Phallus,Fungi,Basidiomycota,Agaricomycetes,Phallales,Phallaceae,Phallus
Fungi,F75,Pilidium,Fungi,Ascomycota,Leotiomycetes,Helotiales,Chaetomellaceae,Pilidium
Fungi,F76,Lophiotrema,Fungi,Ascomycota,Dothideomycetes,Pleosporales,Lophiotremataceae,Lophiotrema
Fungi,F77,Apiotrichum,Fungi,Basidiomycota,Tremellomycetes,Trichosporonales,Trichosporonaceae,Apiotrichum
Fungi,F78,Pyrenochaeta,Fungi,Ascomycota,Dothideomycetes,Pleosporales,Cucurbitariaceae,Pyrenochaeta
Fungi,F79,Clathrus,Fungi,Basidiomycota,Agaricomycetes,Phallales,Clathraceae,Clathrus
Fungi,F80,Unclassified_Genus13,Fungi,Ascomycota,Dothideomycetes,Pleosporales,Thyridariaceae,
Fungi,F81,Cystofilobasidium,Fungi,Basidiomycota,Tremellomycetes,Cystofilobasidiales,Cystofilobasidiaceae,Cystofilobasidium
Fungi,F82,Chrysosporium,Fungi,Ascomycota,Eurotiomycetes,Onygenales,Onygenales_fam_Incertae_sedis,Chrysosporium
Fungi,F83,Hyphodiscus,Fungi,Ascomycota,Leotiomycetes,Helotiales,Hyaloscyphaceae,Hyphodiscus
Fungi,F84,Filobasidium,Fungi,Basidiomycota,Tremellomycetes,Filobasidiales,Filobasidiaceae,Filobasidium
Fungi,F85,Unclassified_Genus14,Fungi,Ascomycota,Dothideomycetes,Pleosporales,,
Fungi,F86,Cutaneotrichosporon,Fungi,Basidiomycota,Tremellomycetes,Trichosporonales,Trichosporonaceae,Cutaneotrichosporon
Fungi,F87,Unclassified_Genus15,Fungi,Ascomycota,Dothideomycetes,Pleosporales,Didymosphaeriaceae,
Fungi,F88,Rhodotorula,Fungi,Basidiomycota,Microbotryomycetes,Sporidiobolales,Sporidiobolaceae,Rhodotorula
Fungi,F89,Suillus,Fungi,Basidiomycota,Agaricomycetes,Boletales,Suillaceae,Suillus
Fungi,F90,Albifimbria,Fungi,Ascomycota,Sordariomycetes,Hypocreales,Stachybotryaceae,Albifimbria
Fungi,F91,Cadophora,Fungi,Ascomycota,Leotiomycetes,Helotiales,Helotiales_fam_Incertae_sedis,Cadophora
Fungi,F92,Leucosporidium,Fungi,Basidiomycota,Microbotryomycetes,Leucosporidiales,Leucosporidiaceae,Leucosporidium
Fungi,F93,Pseudeurotium,Fungi,Ascomycota,Leotiomycetes,Thelebolales,Pseudeurotiaceae,Pseudeurotium
Fungi,F94,Ganoderma,Fungi,Basidiomycota,Agaricomycetes,Polyporales,Ganodermataceae,Ganoderma
Fungi,F95,Tetracladium,Fungi,Ascomycota,Leotiomycetes,Helotiales,Helotiaceae,Tetracladium
Fungi,F96,Unclassified_Genus16,Fungi,Ascomycota,Eurotiomycetes,Onygenales,,
Fungi,F97,Murispora,Fungi,Ascomycota,Dothideomycetes,Pleosporales,Amniculicolaceae,Murispora
Fungi,F98,Gliomastix,Fungi,Ascomycota,Sordariomycetes,Hypocreales,Bionectriaceae,Gliomastix
Fungi,F99,Papiliotrema,Fungi,Basidiomycota,Tremellomycetes,Tremellales,Rhynchogastremataceae,Papiliotrema
Fungi,F100,Unclassified_Genus17,Fungi,Ascomycota,Sordariomycetes,Hypocreales,Nectriaceae,
Fungi,F101,Stachybotrys,Fungi,Ascomycota,Sordariomycetes,Hypocreales,Stachybotryaceae,Stachybotrys
Fungi,F102,Roussoella,Fungi,Ascomycota,Dothideomycetes,Pleosporales,Thyridariaceae,Roussoella
Fungi,F103,Rhizopogon,Fungi,Basidiomycota,Agaricomycetes,Boletales,Rhizopogonaceae,Rhizopogon
Fungi,F104,Banksiophoma,Fungi,Ascomycota,Dothideomycetes,Pleosporales,Phaeosphaeriaceae,Banksiophoma
Fungi,F105,Pleurophragmium,Fungi,Ascomycota,Sordariomycetes,Sordariomycetes_ord_Incertae_sedis,Sordariomycetes_fam_Incertae_sedis,Pleurophragmium
Fungi,F106,Biatriospora,Fungi,Ascomycota,Dothideomycetes,Pleosporales,Biatriosporaceae,Biatriospora
Fungi,F107,Oidiodendron,Fungi,Ascomycota,Leotiomycetes,Helotiales,Myxotrichaceae,Oidiodendron
Fungi,F108,Pestalotiopsis,Fungi,Ascomycota,Sordariomycetes,Xylariales,Sporocadaceae,Pestalotiopsis
Fungi,F109,Neocosmospora,Fungi,Ascomycota,Sordariomycetes,Hypocreales,Nectriaceae,Neocosmospora
Fungi,F110,Fusicolla,Fungi,Ascomycota,Sordariomycetes,Hypocreales,Nectriaceae,Fusicolla
Fungi,F111,Bimuria,Fungi,Ascomycota,Dothideomycetes,Pleosporales,Didymosphaeriaceae,Bimuria
Fungi,F112,Tolypocladium,Fungi,Ascomycota,Sordariomycetes,Hypocreales,Ophiocordycipitaceae,Tolypocladium
Fungi,F113,Chloridium,Fungi,Ascomycota,Sordariomycetes,Chaetosphaeriales,Chaetosphaeriaceae,Chloridium
Fungi,F114,Acrostalagmus,Fungi,Ascomycota,Sordariomycetes,Glomerellales,Plectosphaerellaceae,Acrostalagmus
Fungi,F115,Unclassified_Genus18,Fungi,Ascomycota,Leotiomycetes,Helotiales,Hyaloscyphaceae,
Fungi,F116,Nectriopsis,Fungi,Ascomycota,Sordariomycetes,Hypocreales,Bionectriaceae,Nectriopsis
Fungi,F117,Humicola,Fungi,Ascomycota,Sordariomycetes,Sordariales,Chaetomiaceae,Humicola
Fungi,F118,Talaromyces,Fungi,Ascomycota,Eurotiomycetes,Eurotiales,Trichocomaceae,Talaromyces
Fungi,F119,Phaeosphaeria,Fungi,Ascomycota,Dothideomycetes,Pleosporales,Phaeosphaeriaceae,Phaeosphaeria
Fungi,F120,Striaticonidium,Fungi,Ascomycota,Sordariomycetes,Hypocreales,Stachybotryaceae,Striaticonidium
Fungi,F121,Purpureocillium,Fungi,Ascomycota,Sordariomycetes,Hypocreales,Ophiocordycipitaceae,Purpureocillium
Fungi,F122,Neocucurbitaria,Fungi,Ascomycota,Dothideomycetes,Pleosporales,Cucurbitariaceae,Neocucurbitaria
Fungi,F123,Unclassified_Genus19,Fungi,Ascomycota,Sordariomycetes,Hypocreales,Hypocreales_fam_Incertae_sedis,
Fungi,F124,Emericellopsis,Fungi,Ascomycota,Sordariomycetes,Hypocreales,Hypocreales_fam_Incertae_sedis,Emericellopsis
Fungi,F125,Cordyceps,Fungi,Ascomycota,Sordariomycetes,Hypocreales,Cordycipitaceae,Cordyceps
Fungi,F126,Curvularia,Fungi,Ascomycota,Dothideomycetes,Pleosporales,Pleosporaceae,Curvularia
Fungi,F127,Unclassified_Genus20,Fungi,Ascomycota,Sordariomycetes,Hypocreales,Cordycipitaceae,
Fungi,F128,Unclassified_Genus21,Fungi,Rozellomycota,Rozellomycotina_cls_Incertae_sedis,GS08,,
Fungi,F129,Phialemoniopsis,Fungi,Ascomycota,Sordariomycetes,Xylariales,Xylariales_fam_Incertae_sedis,Phialemoniopsis
Fungi,F130,Unclassified_Genus22,Fungi,Ascomycota,Sordariomycetes,Hypocreales,,
Fungi,F131,Lycoperdon,Fungi,Basidiomycota,Agaricomycetes,Agaricales,Lycoperdaceae,Lycoperdon
Fungi,F132,Psathyrella,Fungi,Basidiomycota,Agaricomycetes,Agaricales,Psathyrellaceae,Psathyrella
Fungi,F133,Sclerotinia,Fungi,Ascomycota,Leotiomycetes,Helotiales,Sclerotiniaceae,Sclerotinia
Fungi,F134,Phialocephala,Fungi,Ascomycota,Leotiomycetes,Helotiales,Vibrisseaceae,Phialocephala
Fungi,F135,Unclassified_Genus24,Fungi,Rozellomycota,Rozellomycotina_cls_Incertae_sedis,GS11,,
Fungi,F136,Nigrograna,Fungi,Ascomycota,Dothideomycetes,Pleosporales,Pleosporales_fam_Incertae_sedis,Nigrograna
Fungi,F137,Unclassified_Genus26,Fungi,Ascomycota,Sordariomycetes,,,
Fungi,F138,Lophiostoma,Fungi,Ascomycota,Dothideomycetes,Pleosporales,Lophiostomataceae,Lophiostoma
Fungi,F139,Coniella,Fungi,Ascomycota,Sordariomycetes,Diaporthales,Schizoparmaceae,Coniella
Fungi,F140,Didymocyrtis,Fungi,Ascomycota,Dothideomycetes,Pleosporales,Phaeosphaeriaceae,Didymocyrtis
Fungi,F141,Unclassified_Genus27,Fungi,Ascomycota,Sordariomycetes,Glomerellales,Plectosphaerellaceae,
Fungi,F142,Pseudocosmospora,Fungi,Ascomycota,Sordariomycetes,Hypocreales,Nectriaceae,Pseudocosmospora
Fungi,F143,Chordomyces,Fungi,Ascomycota,Sordariomycetes,Glomerellales,Plectosphaerellaceae,Chordomyces
Fungi,F144,Monocillium,Fungi,Ascomycota,Sordariomycetes,Hypocreales,Hypocreaceae,Monocillium
Fungi,F145,Seimatosporium,Fungi,Ascomycota,Sordariomycetes,Xylariales,Amphisphaeriaceae,Seimatosporium
Fungi,F146,Cephalotrichum,Fungi,Ascomycota,Sordariomycetes,Microascales,Microascaceae,Cephalotrichum
Fungi,F147,Microscypha,Fungi,Ascomycota,Leotiomycetes,Helotiales,Hyaloscyphaceae,Microscypha
Fungi,F148,Diaporthe,Fungi,Ascomycota,Sordariomycetes,Diaporthales,Diaporthaceae,Diaporthe
Fungi,F149,Lectera,Fungi,Ascomycota,Sordariomycetes,Glomerellales,Plectosphaerellaceae,Lectera
Fungi,F150,Unclassified_Genus29,Fungi,Chytridiomycota,Rhizophydiomycetes,Rhizophydiales,,
Fungi,F151,Articulospora,Fungi,Ascomycota,Leotiomycetes,Helotiales,Helotiaceae,Articulospora
Fungi,F152,Parapyrenochaeta,Fungi,Ascomycota,Dothideomycetes,Pleosporales,Pleosporales_fam_Incertae_sedis,Parapyrenochaeta
Fungi,F153,Volutella,Fungi,Ascomycota,Sordariomycetes,Hypocreales,Nectriaceae,Volutella
Fungi,F154,Umbelopsis,Fungi,Mucoromycota,Umbelopsidomycetes,Umbelopsidales,Umbelopsidaceae,Umbelopsis
Fungi,F155,Coniochaeta,Fungi,Ascomycota,Sordariomycetes,Coniochaetales,Coniochaetaceae,Coniochaeta
Fungi,F156,Torula,Fungi,Ascomycota,Dothideomycetes,Pleosporales,Torulaceae,Torula
Fungi,F157,Unclassified_Genus31,Fungi,Ascomycota,Dothideomycetes,Pleosporales,Phaeosphaeriaceae,
Fungi,F158,Metacordyceps,Fungi,Ascomycota,Sordariomycetes,Hypocreales,Clavicipitaceae,Metacordyceps
Fungi,F159,Sampaiozyma,Fungi,Basidiomycota,Microbotryomycetes,Microbotryomycetes_ord_Incertae_sedis,Chrysozymaceae,Sampaiozyma
Fungi,F160,Parathyridaria,Fungi,Ascomycota,Dothideomycetes,Pleosporales,Thyridariaceae,Parathyridaria
Fungi,F161,Westerdykella,Fungi,Ascomycota,Dothideomycetes,Pleosporales,Sporormiaceae,Westerdykella
Fungi,F162,Hongkongmyces,Fungi,Ascomycota,Dothideomycetes,Pleosporales,Lindgomycetaceae,Hongkongmyces
Fungi,F163,Dioszegia,Fungi,Basidiomycota,Tremellomycetes,Tremellales,Bulleribasidiaceae,Dioszegia
Fungi,F164,Setophaeosphaeria,Fungi,Ascomycota,Dothideomycetes,Pleosporales,Phaeosphaeriaceae,Setophaeosphaeria
Fungi,F165,Podospora,Fungi,Ascomycota,Sordariomycetes,Sordariales,Lasiosphaeriaceae,Podospora
Fungi,F166,Unclassified_Genus32,Fungi,Ascomycota,Sordariomycetes,Hypocreales,Bionectriaceae,
Fungi,F167,Chaetomium,Fungi,Ascomycota,Sordariomycetes,Sordariales,Chaetomiaceae,Chaetomium
Fungi,F168,Pholiota,Fungi,Basidiomycota,Agaricomycetes,Agaricales,Strophariaceae,Pholiota
Fungi,F169,Naganishia,Fungi,Basidiomycota,Tremellomycetes,Filobasidiales,Filobasidiaceae,Naganishia
Fungi,F170,Unclassified_Genus33,Fungi,Ascomycota,Saccharomycetes,Saccharomycetales,,
Fungi,F171,Tremateia,Fungi,Ascomycota,Dothideomycetes,Pleosporales,Didymosphaeriaceae,Tremateia
Fungi,F172,Angustimassarina,Fungi,Ascomycota,Dothideomycetes,Pleosporales,Amorosiaceae,Angustimassarina
Fungi,F173,Holtermanniella,Fungi,Basidiomycota,Tremellomycetes,Holtermanniales,Holtermanniales_fam_Incertae_sedis,Holtermanniella
Fungi,F174,Unclassified_Genus36,Fungi,Ascomycota,Dothideomycetes,Pleosporales,Sporormiaceae,
Fungi,F175,Candida,Fungi,Ascomycota,Saccharomycetes,Saccharomycetales,Saccharomycetales_fam_Incertae_sedis,Candida
Fungi,F176,Trichosporon,Fungi,Basidiomycota,Tremellomycetes,Trichosporonales,Trichosporonaceae,Trichosporon
Fungi,F177,Exophiala,Fungi,Ascomycota,Eurotiomycetes,Chaetothyriales,Herpotrichiellaceae,Exophiala
Fungi,F178,Trematosphaeria,Fungi,Ascomycota,Dothideomycetes,Pleosporales,Trematosphaeriaceae,Trematosphaeria
Fungi,F179,Nadsonia,Fungi,Ascomycota,Saccharomycetes,Saccharomycetales,Saccharomycetales_fam_Incertae_sedis,Nadsonia
Fungi,F180,Lachnellula,Fungi,Ascomycota,Leotiomycetes,Helotiales,Hyaloscyphaceae,Lachnellula
Fungi,F181,Unclassified_Genus39,Fungi,Ascomycota,Leotiomycetes,Helotiales,,
Fungi,F182,Stagonospora,Fungi,Ascomycota,Dothideomycetes,Pleosporales,Massarinaceae,Stagonospora
Fungi,F183,Myrmecridium,Fungi,Ascomycota,Sordariomycetes,Myrmecridiales,Myrmecridiaceae,Myrmecridium
Fungi,F184,Myrothecium,Fungi,Ascomycota,Sordariomycetes,Hypocreales,Stachybotryaceae,Myrothecium
Fungi,F185,Auxarthron,Fungi,Ascomycota,Eurotiomycetes,Onygenales,Onygenaceae,Auxarthron
Fungi,F186,Unclassified_Genus41,Fungi,Basidiomycota,Microbotryomycetes,Leucosporidiales,,
Fungi,F187,Neopestalotiopsis,Fungi,Ascomycota,Sordariomycetes,Xylariales,Sporocadaceae,Neopestalotiopsis
Fungi,F188,Keissleriella,Fungi,Ascomycota,Dothideomycetes,Pleosporales,Lentitheciaceae,Keissleriella
Fungi,F189,Unclassified_Genus42,Fungi,Ascomycota,Sordariomycetes,Microascales,Microascaceae,
Fungi,F190,Xanthothecium,Fungi,Ascomycota,Eurotiomycetes,Onygenales,Onygenaceae,Xanthothecium
Fungi,F191,Valsonectria,Fungi,Ascomycota,Sordariomycetes,Hypocreales,Bionectriaceae,Valsonectria
Fungi,F192,Cistella,Fungi,Ascomycota,Leotiomycetes,Helotiales,Hyaloscyphaceae,Cistella
Fungi,F193,Paramicrosporidium,Fungi,Rozellomycota,Rozellomycota_cls_Incertae_sedis,Rozellomycota_ord_Incertae_sedis,Rozellomycota_fam_Incertae_sedis,Paramicrosporidium
Fungi,F194,Oculimacula,Fungi,Ascomycota,Leotiomycetes,Helotiales,Dermateaceae,Oculimacula
Fungi,F195,Paracremonium,Fungi,Ascomycota,Sordariomycetes,Hypocreales,Nectriaceae,Paracremonium
Fungi,F196,Coniosporium,Fungi,Ascomycota,Eurotiomycetes,Chaetothyriales,Herpotrichiellaceae,Coniosporium
Fungi,F197,Geomyces,Fungi,Ascomycota,Leotiomycetes,Thelebolales,Pseudeurotiaceae,Geomyces
Fungi,F198,Unclassified_Genus45,Fungi,Ascomycota,Leotiomycetes,Helotiales,Helotiales_fam_Incertae_sedis,
Fungi,F199,Alfaria,Fungi,Ascomycota,Sordariomycetes,Hypocreales,Stachybotryaceae,Alfaria
Fungi,F200,Knufia,Fungi,Ascomycota,Eurotiomycetes,Chaetothyriales,Trichomeriaceae,Knufia
Fungi,F201,Cladophialophora,Fungi,Ascomycota,Eurotiomycetes,Chaetothyriales,Herpotrichiellaceae,Cladophialophora
Fungi,F202,Tomentella,Fungi,Basidiomycota,Agaricomycetes,Thelephorales,Thelephoraceae,Tomentella
Fungi,F203,Mariannaea,Fungi,Ascomycota,Sordariomycetes,Hypocreales,Nectriaceae,Mariannaea
Fungi,F204,Deconica,Fungi,Basidiomycota,Agaricomycetes,Agaricales,Strophariaceae,Deconica
Fungi,F205,Nectria,Fungi,Ascomycota,Sordariomycetes,Hypocreales,Nectriaceae,Nectria
Fungi,F206,Acrodontium,Fungi,Ascomycota,Dothideomycetes,Capnodiales,Mycosphaerellaceae,Acrodontium
Fungi,F207,Cylindrocarpon,Fungi,Ascomycota,Sordariomycetes,Hypocreales,Nectriaceae,Cylindrocarpon
Fungi,F208,Gongronella,Fungi,Mucoromycota,Mucoromycetes,Mucorales,Cunninghamellaceae,Gongronella
Fungi,F209,Pseudocoleophoma,Fungi,Ascomycota,Dothideomycetes,Pleosporales,Dictyosporiaceae,Pseudocoleophoma
Fungi,F210,Sagenomella,Fungi,Ascomycota,Eurotiomycetes,Eurotiales,Trichocomaceae,Sagenomella
Fungi,F211,Arthropsis,Fungi,Ascomycota,Eurotiomycetes,Onygenales,Onygenales_fam_Incertae_sedis,Arthropsis
Fungi,F212,Veronaea,Fungi,Ascomycota,Eurotiomycetes,Chaetothyriales,Herpotrichiellaceae,Veronaea
Fungi,F213,Scytalidium,Fungi,Ascomycota,Leotiomycetes,Helotiales,Helotiaceae,Scytalidium
Fungi,F214,Neoroussoella,Fungi,Ascomycota,Dothideomycetes,Pleosporales,Thyridariaceae,Neoroussoella
Fungi,F215,Unclassified_Genus51,Fungi,Ascomycota,Dothideomycetes,Botryosphaeriales,,
Fungi,F216,Rhinocladiella,Fungi,Ascomycota,Eurotiomycetes,Chaetothyriales,Herpotrichiellaceae,Rhinocladiella
Fungi,F217,Dactylonectria,Fungi,Ascomycota,Sordariomycetes,Hypocreales,Nectriaceae,Dactylonectria
Fungi,F218,Unclassified_Genus53,Fungi,Ascomycota,Sordariomycetes,Sordariales,,
Fungi,F219,Haptocillium,Fungi,Ascomycota,Sordariomycetes,Hypocreales,Ophiocordycipitaceae,Haptocillium
Fungi,F220,Metapochonia,Fungi,Ascomycota,Sordariomycetes,Hypocreales,Clavicipitaceae,Metapochonia
Fungi,F221,Absidia,Fungi,Mucoromycota,Mucoromycetes,Mucorales,Cunninghamellaceae,Absidia
Fungi,F222,Apiosordaria,Fungi,Ascomycota,Sordariomycetes,Sordariales,Lasiosphaeriaceae,Apiosordaria
